num;ResponseId;age;genre;homme;femme;fluctuant;nonconf;nonbin;Q17_6;Q17_7;Q17_8;Q17_9;Q17_11;Q17_12;Q17_13;Q17_14;Q17_14_TEXT;niv scol;Q19_8_TEXT;Q29___Taille;Q29___Taille_1_TEXT;Q29___Taille_2_TEXT;pied en cm;Taille en cm;Q30___Poids;poids en kg;poids en livre;livre en kg;poids en kg
1;R_0GsgIFBoXqvnmGR;27;2;NA;1;NA;NA;NA;NA;NA;NA;NA;NA;NA;NA;NA;;4;;1;163;;;163;2;;175;79,4;79,4
2;R_0PcPil62RqY2aaJ;30;2;NA;1;NA;NA;NA;NA;NA;NA;NA;NA;NA;NA;NA;;6;;1;1.5;;;150;2;;176;79,8;79,8
3;R_0Pz5IOr2Kzhg0fv;27;2;NA;1;NA;NA;NA;NA;NA;NA;NA;NA;NA;NA;NA;;5;;2;;5 et 7;5,7;170,18;2;;210;95,2;95,2
4;R_0uiCHSoTtdH6T3X;10;2;NA;1;NA;NA;NA;NA;NA;NA;NA;NA;NA;NA;NA;;2;;2;;"5’6""";5,6;167,64;2;;265;120,2;120,2
5;R_0wSksLHdfBSpPyN;45;2;NA;1;NA;NA;NA;NA;NA;NA;NA;NA;NA;NA;NA;;4;;2;;5,5;5,5;165,1;2;;169;76,6;76,6
6;R_10HqiG2pfTL7New;20;2;NA;1;NA;NA;NA;NA;NA;NA;NA;NA;NA;NA;NA;;4;;NA;;;;;2;;140;63,5;63,5
7;R_10MX6arOK00auSR;18;1;1;NA;NA;NA;NA;NA;NA;NA;NA;NA;NA;NA;NA;;5;;1;184;;;184;2;;295;133,8;133,8
8;R_11iOXkCS1Nlt8Dh;25;1;1;NA;NA;NA;NA;NA;NA;NA;NA;NA;NA;NA;NA;;1;;2;;5.7;5,7;170,18;2;;234;106,1;106,1
9;R_128SK7juzSFIKL6;14;2;NA;1;NA;NA;NA;NA;NA;NA;NA;NA;NA;NA;NA;;5;;2;;5,5;5,5;165,1;2;;157;71,2;71,2
10;R_12a6BELNpWtWfOc;26;2;NA;1;NA;NA;NA;NA;NA;NA;NA;NA;NA;NA;NA;;5;;1;153;;;153;2;;162;73,5;73,5
11;R_12cpMwuULNFqksP;53;1;1;NA;NA;NA;NA;NA;NA;NA;NA;NA;NA;NA;NA;;5;;2;;5 , 5;5,5;165,1;1;6o,2;;;60,2
12;R_12DoZw11RI5sTVr;41;2;NA;1;NA;NA;NA;NA;NA;NA;NA;NA;NA;NA;NA;;4;;2;;5.3;5,3;160,02;2;;175;79,4;79,4
13;R_12FPZOxB1NoLPO2;33;2;NA;1;NA;NA;NA;NA;NA;NA;NA;NA;NA;NA;NA;;6;;1;163;;;163;2;;175;79,4;79,4
14;R_12KmFQ0DRtd7K21;50;2;NA;1;NA;NA;NA;NA;NA;NA;NA;NA;NA;NA;NA;;5;;2;;5,7;5,7;170,18;2;;160;72,6;72,6
15;R_12rnY2owSijLWWp;17;2;NA;1;NA;NA;NA;NA;NA;NA;NA;NA;NA;NA;NA;;3;;2;;5 pieds 2 pouces;5,2;157,48;2;;205;93;93
16;R_1BR5P3i2W8cWwdc;47;1;1;NA;NA;NA;NA;NA;NA;NA;NA;NA;NA;NA;NA;;3;;2;;5.8;5,8;172,72;2;;193;87,5;87,5
17;R_1C1JXiPA5Xrgepz;51;1;1;NA;NA;NA;NA;NA;NA;NA;NA;NA;NA;NA;NA;;4;;2;;6;6;182,88;2;;190;86,2;86,2
18;R_1C2ApEFyQsm7VUD;52;1;1;NA;NA;NA;NA;NA;NA;NA;NA;NA;NA;NA;NA;;2;;1;1,68;;;168;1;97;;;97
19;R_1CKrKaOcHYQeG5b;20;1;1;NA;NA;NA;NA;NA;NA;NA;NA;NA;NA;NA;NA;;6;;1;1m83;;;183;1;88,9;;;88,9
20;R_1Cm6CVFRrpJ9hzv;25;1;1;NA;NA;NA;NA;NA;NA;NA;NA;NA;NA;NA;NA;;4;;2;;5 pieds 6;5,6;167,64;2;;147;66,7;66,7
21;R_1CpCTFZM9PZBXIz;47;2;NA;1;NA;NA;NA;NA;NA;NA;NA;NA;NA;NA;NA;;5;;2;;5 pieds et 4 pouces;5,4;162,56;2;;150;68;68
22;R_1CxqjHeuaD2qOnL;24;2;NA;1;NA;NA;NA;NA;NA;NA;NA;NA;NA;NA;NA;;4;;2;;5 pieds et 1 pouce;5,1;154,94;2;;152;68,9;68,9
23;R_1d0iWAwM1cYCo86;6;2;NA;1;NA;NA;NA;NA;NA;NA;NA;NA;NA;NA;NA;;8;certificat universitaire complété;2;;5,4;5,4;162,56;2;;235;106,6;106,6
24;R_1daaIt5eOqywftd;17;1;1;NA;NA;NA;NA;NA;NA;NA;NA;NA;NA;NA;NA;;5;;2;;5 pieds 9 pouces;5,9;175,26;2;;205;93;93
25;R_1dbqCa3wHSBs7Ck;28;2;NA;1;NA;NA;NA;NA;NA;NA;NA;NA;NA;NA;NA;;4;;1;167;;;167;1;114;;;114
26;R_1DHiTYhayTrAGjM;43;2;NA;1;NA;NA;NA;NA;NA;NA;NA;NA;NA;NA;NA;;5;;1;1.65 cm;;;165;1;55.9;;;55,9
27;R_1DLRcrbnGyLn3On;20;2;NA;1;NA;NA;NA;NA;NA;NA;NA;NA;NA;NA;NA;;5;;2;;5pi1po;5,1;154,94;2;;110;49,9;49,9
28;R_1eCALr4S2stTiPq;40;2;NA;1;NA;NA;NA;NA;NA;NA;NA;NA;NA;NA;NA;;5;;2;;5' 4;5,4;162,56;2;;182;82,5;82,5
29;R_1eKLLCHxVUwfLTv;35;2;NA;1;NA;NA;NA;NA;NA;NA;NA;NA;NA;NA;NA;;4;;2;;5 1;5,1;154,94;2;;170;77,1;77,1
30;R_1f7aEHfI2hEu7A8;19;2;NA;1;NA;NA;NA;NA;NA;NA;NA;NA;NA;NA;NA;;8;BTS CIG et cap cuisine;1;168 cm;;;168;1;67;;;67
31;R_1f9G0lBKj2DdXMY;15;2;NA;1;NA;NA;NA;NA;NA;NA;NA;NA;NA;NA;NA;;4;;2;;5 5;5,5;165,1;2;;162;73,5;73,5
32;R_1FLCGblMe9kW2C2;23;2;NA;1;NA;NA;NA;NA;NA;NA;NA;NA;NA;NA;NA;;5;;2;;5 pieds 0 pouces;5;152,4;2;;144;65,3;65,3
33;R_1FM0c85jF2xDUZk;40;1;1;NA;NA;NA;NA;NA;NA;NA;NA;NA;NA;NA;NA;;4;;1;1,67;;;167;1;87;;;87
34;R_1FRmbyBHVJA4E3W;13;2;NA;1;NA;NA;NA;NA;NA;NA;NA;NA;NA;NA;NA;;6;;1;1m66;;;166;2;;120;54,4;54,4
35;R_1g5Rle0EmLdLL9n;47;1;1;NA;NA;NA;NA;NA;NA;NA;NA;NA;NA;NA;NA;;5;;1;177;;;177;1;95;;;95
36;R_1g5ytIw5YMUtdyL;43;2;NA;1;NA;NA;NA;NA;NA;NA;NA;NA;NA;NA;NA;;6;;1;1.60;;;160;2;;215;97,5;97,5
37;R_1GB2vGdbYanJGvs;37;1;1;NA;NA;NA;NA;NA;NA;NA;NA;NA;NA;NA;NA;;5;;1;183;;;183;1;82;;;82
38;R_1GHBGp1axwINUUt;36;2;NA;1;NA;NA;NA;NA;NA;NA;NA;NA;NA;NA;NA;;4;;2;;5’5 »;5,5;165,1;2;;176;79,8;79,8
39;R_1gqgy5hcJSK8zIJ;15;2;NA;1;NA;NA;NA;NA;NA;NA;NA;NA;NA;NA;NA;;6;;1;164;;;164;1;59;;;59
40;R_1gToIfdjBC5L66t;46;1;1;NA;NA;NA;NA;NA;NA;NA;NA;NA;NA;NA;NA;;4;;2;;5 9;5,9;175,26;2;;175;79,4;79,4
41;R_1GVVYv1eOkSHAQo;24;2;NA;1;NA;NA;NA;NA;NA;NA;NA;NA;NA;NA;NA;;8;Certificat universitaire;2;;"5'6""";5,6;167,64;1;100;;;100
42;R_1gvwSZ8WFYfw4YB;18;2;NA;1;NA;NA;NA;NA;NA;NA;NA;NA;NA;NA;NA;;6;;2;;5pi2;5,2;157,48;2;;138;62,6;62,6
43;R_1GwyL5sLLH9N65P;29;2;NA;1;NA;NA;NA;NA;NA;NA;NA;NA;NA;NA;NA;;4;;1;1,52;;;152;2;;125;56,7;56,7
44;R_1Gy1dTq1VOLQufI;31;2;NA;1;NA;NA;NA;NA;NA;NA;NA;NA;NA;NA;NA;;4;;2;;5,6;5,6;167,64;1;90;;;90
45;R_1H2dq5n8vCsCUy7;15;2;NA;1;NA;NA;NA;NA;NA;NA;NA;NA;NA;NA;NA;;5;;1;1,76;;;176;2;;180;81,6;81,6
46;R_1HddDQ5CDmRK9Wv;22;2;NA;1;NA;NA;NA;NA;NA;NA;NA;NA;NA;NA;NA;;5;;2;;5’4”;5,4;162,56;2;;130;59;59
47;R_1hQityifgBYPGO8;37;2;NA;1;NA;NA;NA;NA;NA;NA;NA;NA;NA;NA;NA;;4;;2;;5’5”;5,5;165,1;2;;172;78;78
48;R_1HqqFQTCAHZZxl0;18;2;NA;1;NA;NA;NA;NA;NA;NA;NA;NA;NA;NA;NA;;3;;1;1.65;;;165;2;;115;52,2;52,2
49;R_1i27QIbGFriKGUF;35;1;1;NA;NA;NA;NA;NA;NA;NA;NA;NA;NA;NA;NA;;4;;1;1m82;;;182;2;;175;79,4;79,4
50;R_1IAFVYsayfaCDaY;3;2;NA;1;NA;NA;NA;NA;NA;NA;NA;NA;NA;NA;NA;;5;;1;167m;;;167;1;60;;;60
51;R_1Iag28WRsFPKc7J;28;2;NA;1;NA;NA;NA;NA;NA;NA;NA;NA;NA;NA;NA;;6;;1;165;;;165;2;;153;69,4;69,4
52;R_1IbBJCbgVxffVZy;37;1;1;NA;NA;NA;NA;NA;NA;NA;NA;NA;NA;NA;NA;;2;;2;;5 et 11;5,11;180,34;2;;250;113,4;113,4
53;R_1iezunYAS5pSQBk;41;2;NA;1;NA;NA;NA;NA;NA;NA;NA;NA;NA;NA;NA;;4;;2;;5.2;5,2;157,48;2;;140;63,5;63,5
54;R_1ifHrdPSD8v9tm7;15;2;NA;1;NA;NA;NA;NA;NA;NA;NA;NA;NA;NA;NA;;5;;2;;5pi8;5,8;172,72;2;;181;82,1;82,1
55;R_1iq9PnVz6qXFuPZ;22;2;NA;1;NA;NA;NA;NA;NA;NA;NA;NA;NA;NA;NA;;5;;1;1,67;;;167;2;;268;121,5;121,5
56;R_1j6Tjm8R9zUBD7o;28;2;NA;1;NA;NA;NA;NA;NA;NA;NA;NA;NA;NA;NA;;6;;1;1m60;;;160;2;;170;77,1;77,1
57;R_1j7AdwX4AHUWjYn;49;2;NA;1;NA;NA;NA;NA;NA;NA;NA;NA;NA;NA;NA;;4;;1;1 m 60;;;160;1;62;;;62
58;R_1j9rjCN38a6AVJv;29;2;NA;1;NA;NA;NA;NA;NA;NA;NA;NA;NA;NA;NA;;6;;2;;5;5;152,4;2;;123;55,8;55,8
59;R_1jfEIjPNcs7IKvT;40;2;NA;1;NA;NA;NA;NA;NA;NA;NA;NA;NA;1;NA;;4;;2;;5,4;5,4;162,56;2;;117;53,1;53,1
60;R_1jwvQjhQXN8H8YK;23;1;1;NA;NA;NA;NA;NA;NA;NA;NA;NA;NA;NA;NA;;3;;2;;5 11;5,11;180,34;2;;200;90,7;90,7
61;R_1KgaPub2oGnIqm6;18;2;NA;1;NA;NA;NA;NA;NA;NA;NA;NA;NA;NA;NA;;5;;2;;5pieds 3pouces;5,3;160,02;2;;145;65,8;65,8
62;R_1kGlYn6i2rN6uZH;16;2;NA;1;NA;NA;NA;NA;NA;NA;NA;NA;NA;NA;NA;;5;;2;;5 4;5,4;162,56;2;;190;86,2;86,2
63;R_1KmbMO0qxkgcgU3;2;2;NA;1;NA;NA;NA;NA;NA;NA;NA;NA;NA;NA;NA;;2;;2;;5'4;5,4;162,56;2;;200;90,7;90,7
64;R_1kSn4Toi12exJPU;29;2;NA;1;NA;NA;NA;NA;NA;NA;NA;NA;NA;NA;NA;;8;Certificat universitaire;2;;5;5;152,4;2;;160;72,6;72,6
65;R_1l0RPE8LaE521rm;5;2;NA;1;NA;NA;NA;NA;NA;NA;NA;NA;NA;NA;NA;;5;;2;;5 pieds 7;5,7;170,18;2;;162;73,5;73,5
66;R_1Lbsf9if38cwuax;16;2;NA;1;NA;NA;NA;NA;NA;NA;NA;NA;NA;NA;NA;;5;;2;;5 pieds et 4 pouces;5,4;162,56;2;;125;56,7;56,7
67;R_1lcLEo9LT7hoeNT;28;2;NA;1;NA;NA;NA;NA;NA;NA;NA;NA;NA;NA;NA;;5;;1;1,57;;;157;2;;170;77,1;77,1
68;R_1LFK2gQP8Jy7rCl;13;1;1;NA;NA;NA;NA;NA;NA;NA;NA;NA;NA;NA;NA;;4;;2;;5’2’’;5,2;157,48;2;;172;78;78
69;R_1LHFHy1Jn6js89h;23;2;NA;1;NA;NA;NA;NA;NA;NA;NA;NA;NA;NA;NA;;8;Certificat universitaire;2;;5.1;5,1;154,94;2;;255;115,6;115,6
70;R_1lmG720lmi19Lgv;29;1;1;NA;NA;NA;NA;NA;NA;NA;NA;NA;NA;NA;NA;;5;;1;1m69;;;169;2;;178;80,7;80,7
71;R_1LoFEIS86lpia2a;48;1;1;NA;NA;NA;NA;NA;NA;NA;NA;NA;NA;NA;NA;;6;;1;165;;;165;2;;162;73,5;73,5
72;R_1LpvVonZODYQkBc;31;1;1;NA;NA;NA;NA;NA;NA;NA;NA;NA;NA;NA;NA;;5;;2;;6,1;6,1;185,42;2;;220;99,8;99,8
73;R_1LRKCe2ThkIENG3;22;2;NA;1;NA;NA;NA;NA;NA;NA;NA;NA;NA;NA;NA;;5;;2;;5,1;5,1;154,94;2;;250;113,4;113,4
74;R_1LRuXb1EuAO7oiI;42;2;NA;1;1;NA;NA;NA;NA;NA;NA;NA;NA;NA;NA;;3;;2;;5’4’´;5,4;162,56;2;;125;56,7;56,7
75;R_1LuLk85eXnmubbp;29;1;1;NA;NA;NA;NA;NA;NA;NA;NA;NA;NA;NA;NA;;5;;2;;5' 11'';5,11;180,34;2;;265;120,2;120,2
76;R_1lyDZxageb3jfm0;44;1;1;NA;NA;NA;NA;NA;NA;NA;NA;NA;NA;NA;NA;;5;;2;;6 et 1/2;6,6;198,12;2;;266;120,6;120,6
77;R_1LZ0H1VpI1wpNV5;27;1;1;NA;NA;NA;NA;NA;NA;NA;NA;NA;NA;NA;NA;;8;AEC;2;;5,9;5,9;175,26;2;;160;72,6;72,6
78;R_1lzAqx3K8KaXyrW;12;2;NA;1;NA;NA;NA;NA;NA;NA;NA;NA;NA;NA;NA;;5;;1;1m65;;;165;1;55;;;55
79;R_1LzjDGJ5YPiToD6;15;1;1;NA;NA;NA;NA;NA;NA;NA;NA;NA;NA;NA;NA;;3;;2;;5,9;5,9;175,26;2;;180;81,6;81,6
80;R_1mg9Zv8ALT3ZHpb;37;2;NA;1;NA;NA;NA;NA;NA;NA;NA;NA;NA;NA;NA;;4;;2;;5,6;5,6;167,64;2;;195;88,4;88,4
81;R_1mKwCkJlu7JOHUn;3;2;NA;1;NA;NA;NA;NA;NA;NA;NA;NA;NA;NA;NA;;4;;1;1m74;;;174;2;;155;70,3;70,3
82;R_1mL3CKutmDrdqgw;40;2;NA;1;NA;NA;NA;NA;NA;NA;NA;NA;NA;NA;NA;;5;;2;;5 pieds 3 pouces;5,3;160,02;2;;170;77,1;77,1
83;R_1MQglwApu8HkiCD;31;2;NA;1;NA;NA;NA;NA;NA;NA;NA;NA;NA;NA;NA;;5;;2;;5 4;5,4;162,56;2;;165;74,8;74,8
84;R_1MSdU6tY6GcQtzr;14;1;1;NA;NA;NA;NA;NA;NA;NA;NA;NA;NA;NA;NA;;6;;2;;5,11;5,11;180,34;2;;180;81,6;81,6
85;R_1n6GSunT6qGaMW4;26;1;1;NA;NA;NA;NA;NA;NA;NA;NA;NA;NA;NA;NA;;3;;2;;5’9 »;5,9;175,26;2;;230;104,3;104,3
86;R_1N7Vx3BmMRL3Kyb;31;1;1;NA;NA;NA;NA;NA;NA;NA;NA;NA;NA;NA;NA;;7;;1;1,75;;;175;1;79;;;79
87;R_1NftBEGyQtRBzbu;38;2;NA;1;NA;NA;NA;NA;NA;NA;NA;NA;NA;NA;NA;;5;;2;;5,4;5,4;162,56;2;;229;103,9;103,9
88;R_1NlEOA4QhSWpVQN;28;1;1;NA;NA;NA;NA;NA;NA;NA;NA;NA;NA;NA;NA;;5;;2;;5 10;5,10;177,8;2;;201;91,2;91,2
89;R_1NmDhku8Gr3gSdv;16;2;NA;1;NA;NA;NA;NA;NA;NA;NA;NA;NA;NA;NA;;6;;2;;5 pieds 4;5,4;162,56;2;;213;96,6;96,6
90;R_1NqaJY5iGhliUmN;20;2;NA;1;NA;NA;NA;NA;NA;NA;NA;NA;NA;NA;NA;;3;;2;;5,5’’;5,5;165,1;2;;155;70,3;70,3
91;R_1NqVioq4Gtyi76y;26;2;NA;1;NA;NA;NA;NA;NA;NA;NA;NA;NA;NA;NA;;7;;2;;5 pieds;5;152,4;2;;118;53,5;53,5
92;R_1Ocp8S67qbr6aSl;17;2;NA;1;NA;NA;NA;NA;NA;NA;NA;NA;NA;NA;NA;;4;;2;;5.9;5,9;175,26;2;;155;70,3;70,3
93;R_1oe7HhCQUIsv3n7;33;2;NA;1;NA;NA;NA;NA;NA;NA;NA;NA;NA;NA;NA;;5;;2;;5 pieds 2 pouces;5,2;157,48;2;;110;49,9;49,9
94;R_1oFvLgMbqIckl9C;32;2;NA;1;NA;NA;NA;NA;NA;NA;NA;NA;NA;NA;NA;;NA;;2;;5.4;5,4;162,56;2;;136;61,7;61,7
95;R_1ON5K92CFZ6sEB9;49;1;1;NA;NA;NA;NA;NA;NA;NA;NA;NA;NA;NA;NA;;5;;2;;5'7''';5,7;170,18;2;;156;70,7;70,7
96;R_1oojOU3pCk9mEXv;3;2;NA;1;NA;NA;NA;NA;NA;NA;NA;1;NA;NA;NA;;4;;2;;5’4;5,4;162,56;2;;165;74,8;74,8
97;R_1OqwbEWDT3TyYt1;41;2;NA;1;NA;NA;NA;NA;NA;NA;NA;NA;NA;NA;NA;;4;;2;;"5 8""""";5,8;172,72;2;;225;102;102
98;R_1OTvNIjuI1SDrUX;43;1;1;NA;NA;NA;NA;NA;NA;NA;NA;NA;NA;NA;NA;;4;;2;;5 pieds 10 pouces;5,10;177,8;2;;155;70,3;70,3
99;R_1OUdIamva6nAeQl;21;1;1;NA;NA;NA;NA;NA;NA;NA;NA;NA;NA;NA;NA;;5;;2;;5 pieds 10 pouces;5,10;177,8;2;;300;136,1;136,1
100;R_1OVkHfrxq5uYPPV;37;1;1;NA;NA;NA;NA;NA;NA;NA;NA;NA;NA;NA;NA;;2;;2;;5,9;5,9;175,26;2;;210;95,2;95,2
101;R_1OYWPszJVQeBVtb;26;2;NA;1;NA;NA;NA;NA;NA;NA;NA;NA;NA;NA;NA;;5;;2;;"5'4""";5,4;162,56;2;;170;77,1;77,1
102;R_1pAPG8ifGV1rvfX;22;2;NA;1;NA;NA;NA;NA;NA;NA;NA;NA;NA;NA;NA;;6;;1;165;;;165;2;;120;54,4;54,4
103;R_1pKjgBFj4zEyQ0G;38;2;NA;1;NA;NA;NA;NA;NA;NA;NA;NA;NA;NA;NA;;5;;2;;5”4;5,4;162,56;2;;178;80,7;80,7
104;R_1pPvAyBVKTXs5RY;24;2;NA;1;NA;NA;NA;NA;NA;NA;NA;NA;NA;NA;NA;;5;;2;;5p;5;152,4;2;;155;70,3;70,3
105;R_1pQYCAklx3odwAZ;8;2;NA;1;NA;NA;NA;NA;NA;NA;NA;NA;NA;NA;NA;;8;Cégep complété et BAC en cours;2;;5 pied et 4;5,4;162,56;2;;140;63,5;63,5
106;R_1prpFuQAILzhGgW;33;2;NA;1;NA;NA;NA;NA;NA;NA;NA;NA;NA;NA;NA;;4;;2;;5,6;5,6;167,64;2;;210;95,2;95,2
107;R_1psW6HsO7Ub5HXm;41;2;NA;1;NA;NA;NA;NA;NA;NA;NA;NA;NA;NA;NA;;5;;2;;"5' 4""";5,4;162,56;2;;128;58;58
108;R_1Qa9hsIMTnkZZs1;15;2;NA;1;NA;NA;NA;NA;NA;NA;NA;NA;NA;NA;NA;;5;;2;;5p4;5,4;162,56;2;;130;59;59
109;R_1QaojEbafWoFVFc;30;2;NA;1;NA;NA;NA;NA;NA;NA;NA;NA;NA;NA;NA;;6;;2;;5pi 2 po;5,2;157,48;2;;145;65,8;65,8
110;R_1qe6YOZpCiASUVw;26;2;NA;1;NA;NA;NA;NA;NA;NA;NA;NA;NA;NA;NA;;4;;1;168;;;168;1;90;;;90
111;R_1qfYfMQPjn1u2DA;43;2;NA;1;NA;NA;NA;NA;NA;NA;NA;NA;NA;NA;NA;;5;;2;;5,6;5,6;167,64;2;;145;65,8;65,8
112;R_1qfYSl2gCCBKShp;38;2;NA;1;NA;NA;NA;NA;NA;NA;NA;NA;NA;NA;NA;;8;Certificat universitaire;1;163;;;163;2;;150;68;68
113;R_1Qhm0aOovrKRlmg;25;2;NA;1;NA;NA;NA;NA;NA;NA;NA;NA;NA;NA;NA;;4;;2;;5 7;5,7;170,18;2;;218;98,9;98,9
114;R_1QKt1fsEuAWQ3EJ;40;2;NA;1;NA;NA;NA;NA;NA;NA;NA;NA;NA;NA;NA;;5;;2;;5' 3'';5,3;160,02;2;;123;55,8;55,8
115;R_1QKuAsqQ3OQ6LLK;7;1;1;NA;NA;NA;NA;NA;NA;NA;NA;NA;NA;NA;NA;;4;;1;194;;;194;2;;245;111,1;111,1
116;R_1QL3qIJfomjkG0u;20;2;NA;1;NA;NA;NA;NA;NA;NA;NA;NA;NA;NA;NA;;2;;2;;5,3;5,3;160,02;2;;170;77,1;77,1
117;R_1QLslfa6giERkPL;16;2;NA;1;NA;NA;NA;NA;NA;NA;NA;NA;NA;NA;NA;;5;;2;;5,9;5,9;175,26;2;;179;81,2;81,2
118;R_1qWeQx5b6buXdAn;19;2;NA;1;NA;NA;NA;NA;NA;NA;NA;NA;NA;NA;NA;;2;;2;;5.4;5,4;162,56;2;;150;68;68
119;R_1r81moOaBuCVsg9;47;2;NA;1;NA;NA;NA;NA;NA;NA;NA;NA;NA;NA;NA;;6;;1;170 cm;;;170;1;77.5 kg;;;77,5
120;R_1rHbZGA6kHd3Fqg;13;1;1;NA;NA;NA;NA;NA;NA;NA;NA;NA;NA;NA;NA;;2;;1;1m82;;;182;2;;160;72,6;72,6
121;R_1riTVHfIEmlG51B;62;1;1;NA;NA;NA;NA;NA;NA;NA;NA;NA;NA;NA;NA;;8;"HEC.1960 - 1962 cours vente - markéting.
Orthotherapie 1984 - 1987.";1;185;;;185;1;86;;;86
122;R_1rjdSY0GFXD5ebN;52;2;NA;1;NA;NA;NA;NA;NA;NA;NA;NA;NA;NA;NA;;2;;2;;4 pieds 11 1\2pouces;4,115;151,13;2;;133;60,3;60,3
123;R_1rJKmPkNlJqnJva;39;2;NA;1;NA;NA;NA;NA;NA;NA;NA;NA;NA;NA;NA;;8;Certificat universitaire;2;;5,4;5,4;162,56;2;;172;78;78
124;R_1rJMWJ7iJzwsNlD;1;2;NA;1;NA;NA;NA;NA;NA;NA;NA;NA;NA;NA;NA;;2;;2;;5 pieds 1;5,1;154,94;2;;95;43,1;43,1
125;R_1rkQReqgrl6wGky;31;1;1;NA;NA;NA;NA;NA;NA;NA;NA;NA;NA;NA;NA;;5;;2;;5pieds 9 pouces;5,9;175,26;2;;181;82,1;82,1
126;R_1rN5SFtkM9pyqoQ;14;2;NA;1;NA;NA;NA;NA;NA;NA;NA;NA;NA;NA;NA;;3;;1;170;;;170;1;77;;;77
127;R_1rr00J00pWhDQnu;5;2;NA;1;NA;NA;NA;NA;NA;NA;NA;NA;NA;NA;NA;;4;;1;1.55;;;155;2;;90;40,8;40,8
128;R_1rwAJ5eRWrcLyRi;23;2;NA;1;NA;NA;NA;NA;NA;NA;NA;NA;NA;NA;NA;;5;;2;;5,2;5,2;157,48;1;76,4;;;76,4
129;R_1XKPWwClPDM64WB;8;1;1;NA;NA;NA;NA;NA;NA;NA;NA;NA;NA;NA;NA;;4;;2;;"5""8";5,8;172,72;2;;190;86,2;86,2
130;R_20UpxeRfP9DLp3u;34;1;1;NA;NA;NA;NA;NA;NA;NA;NA;NA;NA;NA;NA;;6;;2;;5 .8;5,8;172,72;2;;176;79,8;79,8
131;R_216bEFqMfzn2kYe;55;1;1;NA;NA;NA;NA;NA;NA;NA;NA;NA;NA;NA;NA;;5;;1;1.75;;;175;1;70;;;70
132;R_21cEqECzQ5wwgBp;37;1;1;NA;NA;NA;NA;NA;NA;NA;NA;NA;NA;NA;NA;;2;;2;;5.10;5,10;177,8;2;;355;161;161
133;R_21jmkVlyWlh0d17;35;2;NA;1;NA;NA;NA;NA;NA;NA;NA;NA;NA;NA;NA;;3;;1;1,7;;;170;1;57;;;57
134;R_22IXhZ8OHywHn4u;61;2;NA;1;NA;NA;NA;NA;NA;NA;NA;NA;NA;NA;NA;;2;;2;;"5""3";5,3;160,02;2;;160;72,6;72,6
135;R_22JiGuAMBj1VEgn;45;2;NA;1;NA;NA;NA;NA;NA;NA;NA;NA;NA;NA;NA;;5;;2;;5pi. 8 1/2 po.;5,85;173,99;2;;135;61,2;61,2
136;R_22JJFldBMq19XdB;33;2;NA;1;NA;NA;NA;NA;NA;NA;NA;NA;NA;NA;NA;;6;;2;;5,9;5,9;175,26;2;;80;36,3;36,3
137;R_22nuAq9l67YkqtC;35;2;NA;1;NA;NA;NA;NA;NA;NA;NA;NA;NA;NA;NA;;4;;2;;5 et 7;5,7;170,18;2;;179;81,2;81,2
138;R_22PMhaHtzBIZaS7;46;2;NA;1;NA;NA;NA;NA;NA;NA;NA;NA;NA;NA;NA;;6;;1;1,63;;;163;2;;148;67,1;67,1
139;R_22VLO0kbNfjvUwk;5;2;NA;1;NA;NA;NA;NA;NA;NA;NA;NA;NA;NA;NA;;4;;1;1m62;;;162;1;43;;;43
140;R_22wSXvArhWyp6M2;41;1;1;NA;NA;NA;NA;NA;NA;NA;NA;NA;NA;NA;NA;;5;;2;;5 10;5,10;177,8;2;;235;106,6;106,6
141;R_22WzdX4rO5fWJuy;26;2;NA;1;NA;NA;NA;NA;NA;NA;NA;NA;NA;NA;NA;;4;;2;;5,2;5,2;157,48;2;;148;67,1;67,1
142;R_22xID321eeHeeke;49;2;NA;1;NA;NA;NA;NA;NA;NA;NA;NA;NA;NA;NA;;2;;2;;"5'1""";5,1;154,94;2;;121;54,9;54,9
143;R_22yULbOdw924Olq;59;2;NA;1;NA;NA;NA;NA;NA;NA;NA;NA;NA;NA;NA;;2;;2;;5'3;5,3;160,02;2;;215;97,5;97,5
144;R_22Zo5OUCfAJr6lb;36;2;NA;1;NA;NA;NA;NA;NA;NA;NA;NA;NA;NA;NA;;6;;2;;5 ´ 4´´;5,4;162,56;2;;175;79,4;79,4
145;R_23gChvehX0dr79J;8;2;NA;1;NA;NA;NA;NA;NA;NA;NA;NA;NA;NA;NA;;5;;1;1,7 m;;;170;2;;132;59,9;59,9
146;R_23WWyqqN6PNZYyh;27;2;NA;1;NA;NA;NA;NA;NA;NA;NA;NA;NA;NA;NA;;5;;1;1,66;;;166;2;;244;110,7;110,7
147;R_24ACOV6LyuWPqyG;45;2;NA;1;NA;NA;NA;NA;NA;NA;NA;NA;NA;NA;NA;;5;;2;;5 pieds 2;5,2;157,48;2;;173;78,5;78,5
148;R_24CxDlOxFNIRyWJ;19;2;NA;1;NA;NA;NA;NA;NA;NA;NA;NA;NA;NA;NA;;4;;2;;5pi 4po;5,4;162,56;2;;133;60,3;60,3
149;R_24dgrLnO8mAzf8D;26;2;NA;1;NA;NA;NA;NA;NA;NA;NA;NA;NA;NA;NA;;2;;2;;5’5;5,5;165,1;2;;130;59;59
150;R_24MztbDkZTGrBwC;29;2;NA;1;NA;NA;NA;NA;NA;NA;NA;NA;NA;NA;NA;;6;;1;150;;;150;2;;174;78,9;78,9
151;R_24q0KBwngrcIsO6;5;1;1;NA;NA;NA;NA;NA;NA;NA;NA;NA;NA;NA;NA;;4;;1;191 cm;;;191;1;77kg;;;77
152;R_24vEw8qbXDH15ry;35;1;1;NA;NA;NA;NA;NA;NA;NA;NA;NA;NA;NA;NA;;5;;2;;5 11;5,11;180,34;2;;167;75,7;75,7
153;R_25TreCTxXFhlFAp;34;2;NA;1;NA;NA;NA;NA;NA;NA;NA;NA;NA;NA;NA;;4;;2;;5’3 ;5,3;160,02;2;;150;68;68
154;R_269maf7IDLTxqvX;41;2;NA;1;NA;NA;NA;NA;NA;NA;NA;NA;NA;NA;NA;;5;;2;;5 pi 4 po;5,4;162,56;2;;269;122;122
155;R_26hV0EBNFeCjUa2;34;2;NA;1;NA;NA;NA;NA;NA;NA;NA;NA;NA;NA;NA;;5;;2;;5 pieds 5 pouces;5,5;165,1;2;;166;75,3;75,3
156;R_27Ik1vBj1heIErz;20;1;1;NA;NA;NA;NA;NA;NA;NA;NA;NA;NA;NA;NA;;5;;2;;5 pieds 10 pouces;5,10;177,8;2;;225;102;102
157;R_27UWhSrLRh5xSIG;32;2;NA;1;NA;NA;NA;NA;NA;NA;NA;NA;NA;NA;NA;;5;;2;;5 9;5,9;175,26;2;;280;127;127
158;R_27xvb8m8VAwslHO;20;1;1;NA;NA;NA;NA;NA;NA;NA;NA;NA;NA;NA;NA;;6;;1;175;;;175;1;63;;;63
159;R_28Am2GSUyyKMCar;37;1;1;NA;NA;NA;NA;NA;NA;NA;NA;NA;NA;NA;NA;;4;;1;171cm;;;171;1;81;;;81
160;R_28NBEnEvblZnwi2;44;1;1;NA;NA;NA;NA;NA;NA;NA;NA;NA;NA;NA;NA;;4;;2;;6 pieds;6;182,88;2;;225;102;102
161;R_28XP45wW0rJ5Opp;21;2;NA;1;NA;NA;NA;NA;NA;NA;NA;NA;NA;NA;NA;;4;;2;;5, 3;5,3;160,02;2;;113;51,2;51,2
162;R_299WjoaHbMOWN9F;46;1;1;NA;NA;NA;NA;NA;NA;NA;NA;NA;NA;NA;NA;;4;;2;;6 pi 2;6,2;187,96;2;;315;142,9;142,9
163;R_2aDoCONelMl4tN1;35;2;NA;1;NA;NA;NA;NA;NA;NA;NA;NA;NA;NA;NA;;5;;2;;5pi 3pou;5,3;160,02;2;;220;99,8;99,8
164;R_2aENTBK01AhniCL;40;2;NA;1;NA;NA;NA;NA;NA;NA;NA;NA;NA;NA;NA;;6;;1;165;;;165;1;89;;;89
165;R_2aFhgEexoIBYW60;34;2;NA;1;NA;NA;NA;NA;NA;NA;NA;NA;NA;NA;NA;;5;;1;1m75;;;175;1;89;;;89
166;R_2agVZ0tsn6MWTKE;18;1;1;NA;NA;NA;NA;NA;NA;NA;NA;NA;NA;NA;NA;;5;;2;;5,1;5,1;154,94;2;;175;79,4;79,4
167;R_2AM76JZPqjNC0sk;50;1;1;NA;NA;NA;NA;NA;NA;NA;NA;NA;NA;NA;NA;;5;;2;;"5'9""";5,9;175,26;2;;225;102;102
168;R_2anliyQ5GqiwH4e;58;1;1;NA;NA;NA;NA;NA;NA;NA;NA;NA;NA;NA;NA;;8;Ex maître électricien;1;1.7m;;;170;1;77;;;77
169;R_2b18PqBxFaNcTIf;37;2;NA;1;NA;NA;NA;NA;NA;NA;NA;NA;NA;NA;NA;;6;;2;;5 pieds 4 pouces;5,4;162,56;2;;150;68;68
170;R_2BfzKyp87C4ENAG;27;2;NA;1;NA;NA;NA;NA;NA;NA;NA;NA;NA;NA;NA;;8;Certificat en cours;2;;5’8;5,8;172,72;2;;143;64,9;64,9
171;R_2bV2APwmmMX7faM;37;1;1;NA;NA;NA;NA;NA;NA;NA;NA;NA;NA;NA;NA;;5;;2;;6 pieds 1 pouce;6,1;185,42;2;;191;86,6;86,6
172;R_2ByVVzJHjVank94;47;1;1;NA;NA;NA;NA;NA;NA;NA;NA;NA;NA;NA;NA;;2;;1;1.7;;;170;2;;175;79,4;79,4
173;R_2CJpEIwq5AX8Uf9;30;2;NA;1;NA;NA;NA;NA;NA;NA;NA;NA;NA;NA;NA;;6;;2;;5.4;5,4;162,56;2;;200;90,7;90,7
174;R_2Ck0XEePeY6IrID;25;2;NA;1;NA;NA;NA;NA;NA;NA;NA;NA;NA;NA;NA;;6;;2;;6;6;182,88;2;;163;73,9;73,9
175;R_2CkcoNpadhlzYQB;31;2;NA;1;NA;NA;NA;NA;NA;NA;NA;NA;NA;NA;NA;;5;;2;;5’5;5,5;165,1;2;;160;72,6;72,6
176;R_2cnk5xPbQBsA6fL;13;2;NA;1;NA;NA;NA;NA;NA;NA;NA;NA;NA;NA;NA;;4;;1;1m59;;;159;2;;135;61,2;61,2
177;R_2cqs8L9PVJhQleN;48;2;NA;1;NA;NA;NA;NA;NA;NA;NA;NA;NA;NA;NA;;2;;2;;5,2;5,2;157,48;2;;155;70,3;70,3
178;R_2CqsCGhESR8pbgf;31;2;NA;1;NA;NA;NA;NA;NA;NA;NA;NA;NA;NA;NA;;5;;2;;5 5;5,5;165,1;2;;216;98;98
179;R_2CrL8GX7tAJGU3n;28;2;NA;1;NA;NA;NA;NA;NA;NA;NA;NA;NA;NA;NA;;4;;2;;5,4;5,4;162,56;2;;220;99,8;99,8
180;R_2cu20jswoVl5DLB;30;2;NA;1;NA;NA;NA;NA;NA;NA;NA;NA;NA;NA;NA;;5;;2;;5;5;152,4;2;;180;81,6;81,6
181;R_2CxYRImd0HMhkUi;27;2;NA;1;NA;NA;NA;NA;NA;NA;NA;NA;NA;NA;NA;;5;;2;;5,4;5,4;162,56;1;93;;;93
182;R_2D1g93cqLG3Dqzj;39;2;NA;1;NA;NA;NA;NA;NA;NA;NA;NA;NA;NA;NA;;6;;2;;5pi 9po;5,9;175,26;2;;325;147,4;147,4
183;R_2D2LYEqtkPEEdxW;51;1;1;NA;NA;NA;NA;NA;NA;NA;NA;NA;NA;NA;NA;;3;;2;;5 pieds 5 po.;5,5;165,1;2;;230;104,3;104,3
184;R_2dMa3cr8rnSx8Ny;28;2;NA;1;NA;NA;NA;NA;NA;NA;NA;NA;NA;NA;NA;;5;;2;;5 pieds, 7 pouces 1/2;5,75;171,45;2;;170;77,1;77,1
185;R_2dmgfPtUQ3hV23h;29;3;NA;NA;1;NA;NA;NA;NA;NA;NA;NA;NA;NA;NA;;4;;2;;5 et 2;5,2;157,48;2;;172;78;78
186;R_2drIgu0Eso6HdVk;22;2;NA;1;NA;NA;NA;NA;NA;NA;NA;NA;NA;NA;NA;;5;;1;1,65m;;;165;2;;235;106,6;106,6
187;R_2dsbuNumhgeOFy9;26;2;NA;1;NA;NA;NA;NA;NA;NA;NA;NA;NA;NA;NA;;3;;2;;5 pieds 3 pouces;5,3;160,02;2;;306;138,8;138,8
188;R_2e5qxqB7K2RnTUg;8;2;NA;1;NA;NA;NA;NA;NA;NA;NA;NA;NA;NA;NA;;4;;2;;5’7;5,7;170,18;2;;165;74,8;74,8
189;R_2e9VJs8Arx3iiSD;48;1;1;NA;NA;NA;NA;NA;NA;NA;NA;NA;NA;NA;NA;;5;;2;;5et 5;5,5;165,1;2;;185;83,9;83,9
190;R_2EgFLEXTh6mXrMH;30;2;NA;1;NA;NA;NA;NA;NA;NA;NA;NA;NA;NA;NA;;4;;1;163;;;163;1;76;;;76
191;R_2EtnhKk4OgqKXvW;28;2;NA;1;NA;NA;NA;NA;NA;NA;NA;NA;NA;NA;NA;;3;;2;;5'2;5,2;157,48;2;;145;65,8;65,8
192;R_2fBx8EyQYZLkhsZ;24;1;1;NA;NA;NA;NA;NA;NA;NA;NA;NA;NA;NA;NA;;6;;1;1 m 88 cm;;;188;2;;180;81,6;81,6
193;R_2fecTjjFcCbJ5Vr;51;2;NA;1;NA;NA;NA;NA;NA;NA;NA;NA;NA;NA;NA;;5;;2;;5 et2;5,2;157,48;2;;125;56,7;56,7
194;R_2fIJtVCIYywIV0Z;27;2;NA;1;NA;NA;NA;NA;NA;NA;NA;NA;NA;NA;NA;;8;Attestation d’études collégiales;2;;5 pieds 5 pouces;5,5;165,1;2;;129;58,5;58,5
195;R_2fq9DGzocRTPAYp;52;2;NA;1;NA;NA;NA;NA;NA;NA;NA;NA;NA;NA;NA;;4;;2;;5,3;5,3;160,02;2;;132;59,9;59,9
196;R_2fqU70AHqfuXMxU;32;2;NA;1;NA;NA;NA;NA;NA;NA;NA;NA;NA;NA;NA;;5;;2;;5 et 2;5,2;157,48;2;;138;62,6;62,6
197;R_2fycJCRuuRRzdVl;41;2;NA;1;NA;NA;NA;NA;NA;NA;NA;NA;NA;NA;NA;;4;;1;152;;;152;1;59.4;;;59,4
198;R_2izD544TclOWtEt;42;2;NA;1;NA;NA;NA;NA;NA;NA;NA;NA;NA;NA;NA;;4;;2;;5pieds 2 pouces;5,2;157,48;2;;175;79,4;79,4
199;R_2OUpKCY2Gks6JyH;55;1;1;NA;NA;NA;NA;NA;NA;NA;NA;NA;NA;NA;NA;;6;;1;1.92;;;192;1;64;;;64
200;R_2OW43ATa3gSOYTr;25;2;NA;1;NA;NA;NA;NA;NA;NA;NA;NA;NA;NA;NA;;4;;2;;5.6;5,6;167,64;2;;170;77,1;77,1
201;R_2P0alGLSGddJuCu;54;1;1;NA;NA;NA;NA;NA;NA;NA;NA;NA;NA;NA;NA;;6;;2;;6 pieds;6;182,88;2;;270;122,4;122,4
202;R_2P7m9Pb8O3GhRp0;52;1;1;NA;NA;NA;NA;NA;NA;NA;NA;NA;NA;NA;NA;;7;;2;;5pi 8po.;5,8;172,72;2;;250;113,4;113,4
203;R_2PdJa3mbYi7SJzK;48;2;NA;1;NA;NA;NA;NA;NA;NA;NA;NA;NA;NA;NA;;8;Certificat en psychologie;2;;5 pieds 5 pouces;5,5;165,1;2;;130;59;59
204;R_2pJC4R3QdK2E7PL;24;2;NA;1;NA;NA;NA;NA;NA;NA;NA;NA;NA;NA;NA;;5;;1;154;;;154;2;;220;99,8;99,8
205;R_2PtDysu4q13ViH3;24;2;NA;1;NA;NA;NA;NA;NA;NA;NA;NA;NA;NA;NA;;5;;1;1.62 m;;;162;2;;285;129,3;129,3
206;R_2pYtW9EEiXvDaFn;4;2;NA;1;NA;NA;NA;NA;NA;NA;NA;NA;NA;NA;NA;;4;;2;;5 pieds 2;5,2;157,48;2;;135;61,2;61,2
207;R_2qezWlGrs2TDa9T;53;2;NA;1;NA;NA;NA;NA;NA;NA;NA;NA;NA;NA;NA;;3;;2;;5’2;5,2;157,48;2;;160;72,6;72,6
208;R_2QFgHkaggnza7Qb;49;2;NA;1;NA;NA;NA;NA;NA;NA;NA;NA;NA;NA;NA;;5;;2;;5.3;5,3;160,02;2;;134;60,8;60,8
209;R_2qguLP6TJy8Jzod;29;1;1;NA;NA;NA;NA;NA;NA;NA;NA;NA;NA;NA;NA;;6;;2;;5’9’’;5,9;175,26;2;;340;154,2;154,2
210;R_2QQbk0yXSsIn8pC;25;2;NA;1;NA;NA;NA;NA;NA;NA;NA;NA;NA;NA;NA;;4;;2;;5 pieds 7 pouces;5,7;170,18;2;;176;79,8;79,8
211;R_2QVuKOAjhEV36St;24;2;NA;1;NA;NA;NA;NA;NA;NA;NA;NA;NA;NA;NA;;5;;1;1m62cm;;;162;2;;135;61,2;61,2
212;R_2QWgHY2FSKsg34T;55;1;1;NA;NA;NA;NA;NA;NA;NA;NA;NA;NA;NA;NA;;5;;2;;5´7 ‘’;5,7;170,18;2;;162,4;73,7;73,7
213;R_2QYTxR4C2SnL9q7;38;2;NA;1;NA;NA;NA;NA;NA;NA;NA;NA;NA;NA;NA;;5;;2;;5’6;5,6;167,64;2;;150;68;68
214;R_2RamBp2daJCZtbw;37;2;NA;1;NA;NA;NA;NA;NA;NA;NA;NA;NA;NA;NA;;4;;2;;5 pieds 9 pouces;5,9;175,26;2;;180;81,6;81,6
215;R_2rNnzhTstzjZYJV;42;2;NA;1;NA;NA;NA;NA;NA;NA;NA;NA;NA;NA;NA;;5;;2;; 5-7;5,7;170,18;2;;148;67,1;67,1
216;R_2rYg3D9xvuxrC7Z;45;2;NA;1;NA;NA;NA;NA;NA;NA;NA;NA;NA;NA;NA;;5;;2;;5 pieds 81/2 po.;5,85;173,99;2;;137;62,1;62,1
217;R_2S1U3pIpsMIbDn8;44;1;1;NA;NA;NA;NA;NA;NA;NA;NA;NA;NA;NA;NA;;5;;1;1,73;;;173;1;68;;;68
218;R_2SeEioZsA6UWAvc;42;1;1;NA;NA;NA;NA;NA;NA;NA;NA;NA;NA;NA;NA;;3;;2;;5 pieds et 11 1/2;5,115;181,61;2;;258;117;117
219;R_2SkILRGIkOgQWV6;25;2;NA;1;NA;NA;NA;NA;NA;NA;NA;NA;NA;NA;NA;;3;;1;1,58;;;158;2;;100;45,4;45,4
220;R_2SlDA3ffw4HSxNf;14;2;NA;1;NA;NA;NA;NA;NA;NA;NA;NA;NA;NA;NA;;5;;2;;5 pieds 5 pouces;5,5;165,1;2;;247;112;112
221;R_2t5N5ueDDseSvlV;4;2;NA;1;NA;NA;NA;1;NA;NA;NA;NA;NA;NA;NA;;4;;2;;5,2;5,2;157,48;1;53;;;53
222;R_2t5zylYUl7h7C4J;42;2;NA;1;NA;NA;NA;NA;NA;NA;NA;NA;NA;NA;NA;;7;;2;;5'5'';5,5;165,1;2;;165;74,8;74,8
223;R_2tbeGJwjsBz1pZT;34;1;1;NA;NA;NA;NA;NA;NA;NA;NA;NA;NA;NA;NA;;6;;1;1,78;;;178;2;;180;81,6;81,6
224;R_2tgn42tSuqrRh5a;28;2;NA;1;NA;NA;NA;NA;NA;NA;NA;NA;NA;NA;NA;;5;;2;;5 pieds;5;165,1;2;;180;81,6;81,6
225;R_2thxFW9R8pIwGx6;28;2;NA;1;NA;NA;NA;NA;NA;NA;NA;NA;NA;NA;NA;;5;;2;;5 pi 4;5,4;162,56;2;;108;49;49
226;R_2tmMNagX2gksdrh;34;2;NA;1;NA;NA;NA;NA;NA;NA;NA;NA;NA;NA;NA;;4;;2;;5,2;5,2;157,48;2;;150;68;68
227;R_2TmWnJP2832gpH0;41;1;1;NA;NA;NA;NA;NA;NA;NA;NA;NA;NA;NA;NA;;7;;2;;"5'6""";5,6;167,64;2;;307;139,2;139,2
228;R_2TnqTAGR4lkAM2k;44;2;NA;1;NA;NA;NA;NA;NA;NA;NA;NA;NA;NA;NA;;5;;2;;5 pieds 2 pouces;5,2;157,48;2;;Je ne sais pas mais j'ai un surpoids;;
229;R_2TTNqjyX6bdYv6X;30;1;1;NA;NA;NA;NA;NA;NA;NA;NA;NA;NA;NA;NA;;7;;2;;5’10’’;5,10;177,8;1;88;;;88
230;R_2TyIJTAmjBbH9sx;36;1;1;NA;NA;NA;NA;NA;NA;NA;NA;NA;NA;NA;NA;;4;;1;170 cm;;;170;2;;185;83,9;83,9
231;R_2tyUGfRUVVhxvbz;43;2;NA;1;NA;NA;NA;NA;NA;NA;NA;NA;NA;NA;NA;;4;;2;;5pieds 4 pouces;5,4;162,56;2;;165;74,8;74,8
232;R_2U3qGUO6yG2FgTp;38;2;NA;1;NA;NA;NA;NA;NA;NA;NA;NA;NA;NA;NA;;4;;1;1,7;;;170;2;;161;73;73
233;R_2U5yC6tZFxK0y2D;17;2;NA;1;NA;NA;NA;NA;NA;NA;NA;NA;NA;NA;NA;;5;;2;;5 et 3;5,3;160,02;2;;140;63,5;63,5
234;R_2UaQQkFi8mjLPdQ;25;2;NA;1;NA;NA;NA;NA;NA;NA;NA;NA;NA;NA;NA;;5;;1;1,75;;;175;1;121;;;121
235;R_2uDKYKcfNuZsf5E;49;2;NA;1;NA;NA;NA;NA;NA;NA;NA;NA;NA;NA;NA;;6;;2;;5’4’’;5,4;162,56;2;;120;54,4;54,4
236;R_2Uf3ot1yjxUwBTw;31;2;NA;1;NA;NA;NA;NA;NA;NA;NA;NA;NA;NA;NA;;4;;2;;5 et 1;5,1;154,94;2;;135;61,2;61,2
237;R_2uHXC5gNsVv10q6;19;2;NA;1;NA;NA;NA;NA;NA;NA;NA;NA;NA;NA;NA;;5;;1;157;;;157;2;;102;46,3;46,3
238;R_2uplPr4U50F3Yhe;22;2;NA;1;NA;NA;NA;NA;NA;NA;NA;NA;NA;NA;NA;;6;;2;;5 pieds 6 pouces;5,6;167,64;2;;125;56,7;56,7
239;R_2urMRmwaou3bv1z;16;1;1;NA;NA;NA;NA;NA;NA;NA;NA;NA;NA;NA;NA;;6;;1;1,83;;;183;1;70;;;70
240;R_2uUqgGCXifU6bv0;6;2;NA;1;NA;NA;NA;NA;NA;NA;NA;NA;NA;NA;NA;;4;;1;1,51;;;151;2;;123;55,8;55,8
241;R_2uy5yvuY4eryM7U;16;2;NA;1;NA;NA;NA;NA;NA;NA;NA;NA;NA;NA;NA;;6;;2;;5’7’’;5,7;170,18;2;;132;59,9;59,9
242;R_2V1JGSzBzHWXV5T;29;1;1;NA;NA;NA;NA;NA;NA;NA;NA;NA;NA;NA;NA;;5;;2;;5’ 10’’;5,10;177,8;2;;225;102;102
243;R_2v80b6xpqp8oM0W;29;2;NA;1;NA;NA;NA;NA;NA;NA;NA;NA;NA;NA;NA;;3;;2;;5.3;5,3;160,02;2;;335;151,9;151,9
244;R_2VedVRBDqi7Rszo;22;2;NA;1;NA;NA;NA;NA;NA;NA;NA;NA;NA;NA;NA;;4;;2;;5et5;5,5;165,1;2;;135;61,2;61,2
245;R_2VfhpuhfjXlGv50;21;2;NA;1;NA;NA;NA;NA;NA;NA;NA;NA;NA;NA;NA;;8;2 certificats universitaires;2;;5’5’’;5,5;165,1;2;;170;77,1;77,1
246;R_2Vfj2s72Vs6zlRd;16;2;NA;1;NA;NA;NA;NA;NA;NA;NA;NA;NA;NA;NA;;5;;1;155;;;155;2;;195;88,4;88,4
247;R_2Vgo2Ca1LJjsP5w;27;1;1;NA;NA;NA;NA;NA;NA;NA;NA;NA;NA;NA;NA;;2;;2;;5 '8;5,8;172,72;2;;130;59;59
248;R_2vk6BRnmQ8ICTaO;43;2;NA;1;NA;NA;NA;NA;NA;NA;NA;NA;NA;NA;NA;;5;;2;;5 pieds 6 pouces;5,6;167,64;2;;149;67,6;67,6
249;R_2VNIPhGuHLaMXIi;51;1;1;NA;NA;NA;NA;NA;NA;NA;NA;NA;NA;NA;NA;;6;;2;;5 pieds 9 pouces;5,9;175,26;2;;170;77,1;77,1
250;R_2VwNktc25sdSDpF;38;1;1;NA;NA;NA;NA;NA;NA;NA;NA;NA;NA;NA;1;Hétérosexuel;4;;2;;5'10'';5,10;177,8;2;;168;76,2;76,2
251;R_2VwQTH7RAeIhTMC;36;2;NA;1;NA;NA;NA;NA;NA;NA;NA;NA;NA;NA;NA;;3;;2;;5´2 ;5,2;157,48;2;;125;56,7;56,7
252;R_2w0TuWi6zXDqQ5w;4;2;NA;1;NA;NA;NA;NA;NA;NA;NA;NA;NA;NA;NA;;4;;2;;5’5;5,5;165,1;2;;200;90,7;90,7
253;R_2w0vVzzWbhVsODF;24;2;NA;1;NA;NA;NA;NA;NA;NA;NA;NA;NA;NA;NA;;4;;2;;5’9’’;5,9;175,26;2;;260;117,9;117,9
254;R_2wczYg6QniOmhbf;46;2;NA;1;NA;NA;NA;NA;NA;NA;NA;NA;NA;NA;NA;;5;;2;;5’ 3’’;5,3;160,02;2;;140;63,5;63,5
255;R_2wELdKsyhPdUuw3;11;1;1;NA;NA;NA;NA;NA;NA;NA;NA;NA;NA;NA;NA;;5;;2;;6’2 et 3/4;6,275;189,87;2;;200;90,7;90,7
256;R_2wgHt1acvs7uWzS;33;2;NA;1;NA;NA;NA;NA;NA;NA;NA;NA;NA;NA;NA;;6;;2;;5 pieds et 4 poyces;5,4;162,56;2;;165;74,8;74,8
257;R_2WGrxICJ5cuuNS6;45;2;NA;1;NA;NA;NA;NA;NA;NA;NA;NA;NA;NA;NA;;4;;2;;5;5;152,4;2;;116;52,6;52,6
258;R_2wHJEKxrhekpE9X;34;2;NA;1;NA;NA;NA;NA;NA;NA;NA;NA;NA;NA;NA;;5;;2;;5 pieds 5 pouces;5,5;165,1;2;;220;99,8;99,8
259;R_2wReFoQyeTM7vG6;22;2;NA;1;NA;NA;NA;NA;NA;NA;NA;NA;NA;NA;NA;;6;;2;;5’7’’;5,7;170,18;2;;165;74,8;74,8
260;R_2wvMZf2rA0BYifQ;14;1;1;NA;NA;NA;NA;NA;NA;NA;NA;NA;NA;NA;NA;;3;;1;165 cm;;;165;2;;140;63,5;63,5
261;R_2Wx4vxckQdcTXzm;30;2;NA;1;NA;NA;NA;NA;NA;NA;NA;NA;NA;NA;NA;;8;Dess;2;;5pied 3.5 pouces;5,35;161,29;2;;202;91,6;91,6
262;R_2XjPhe0rRxrwbE3;12;2;NA;1;NA;NA;NA;NA;NA;NA;NA;NA;NA;NA;NA;;8;Certificat universitaire;2;;5p5;5,5;165,1;2;;112;50,8;50,8
263;R_2xRaT0iqhOiaM0r;30;2;NA;1;NA;NA;NA;NA;NA;NA;NA;NA;NA;NA;NA;;5;;1;1,7;;;170;2;;180;81,6;81,6
264;R_2ydBQViXg4LDczz;5;2;NA;1;NA;NA;NA;NA;NA;NA;NA;NA;NA;NA;NA;;4;;2;;5 pieds 1 pouce;5,1;154,94;2;;119;54;54
265;R_2Yh8xnyoOfngKRO;1;2;NA;1;NA;NA;NA;NA;NA;NA;NA;NA;NA;NA;NA;;2;;2;;5’3;5,3;160,02;2;;117;53,1;53,1
266;R_2yjEyT64X933Vfq;20;2;NA;1;NA;NA;NA;NA;NA;NA;NA;NA;NA;NA;NA;;5;;2;;5’4;5,4;162,56;2;;148;67,1;67,1
267;R_2Ym6REJ8FEcbWuN;33;2;NA;1;NA;NA;NA;NA;NA;NA;NA;NA;NA;NA;NA;;4;;2;;5,4;5,4;162,56;2;;150;68;68
268;R_2Ynu21jZGaFaR0B;13;2;NA;1;NA;NA;NA;NA;NA;NA;NA;NA;NA;NA;NA;;6;;2;;5’5’’;5,5;165,1;2;;140;63,5;63,5
269;R_2YsIKyYxEw9uvth;25;2;NA;1;NA;NA;NA;NA;NA;NA;NA;NA;NA;NA;NA;;5;;2;;5 7;5,7;170,18;1;115;;;115
270;R_2YYwRyWgICjxHxJ;41;1;1;NA;NA;NA;NA;NA;NA;NA;NA;NA;NA;NA;NA;;2;;2;;5 pi 11 po;5,11;180,34;2;;190;86,2;86,2
271;R_2z6XLE6oCliASQ8;15;2;NA;1;NA;NA;NA;NA;NA;NA;NA;NA;NA;NA;NA;;5;;2;;5 10;5,10;177,8;2;;158;71,7;71,7
272;R_2ZCgnVtHXwi9Guy;34;2;NA;1;NA;NA;NA;NA;NA;NA;NA;NA;NA;NA;NA;;4;;2;;4’9;4,9;144,78;2;;162;73,5;73,5
273;R_2zehWonKV5cVs7i;23;2;NA;1;NA;NA;NA;NA;NA;NA;NA;NA;NA;NA;NA;;6;;2;;5 6;5,6;167,64;2;;188;85,3;85,3
274;R_2ziGenMUX2yciRb;41;2;NA;1;NA;NA;NA;NA;NA;NA;NA;NA;NA;NA;NA;;5;;1;1m57;;;157;2;;140;63,5;63,5
275;R_2zJbSzggOUDK0Sv;17;2;NA;1;NA;NA;NA;NA;NA;NA;NA;NA;NA;NA;NA;;5;;2;;5, 3;5,3;160,02;2;;175;79,4;79,4
276;R_2ZJGXlqrKla2Hvl;41;1;1;NA;NA;NA;NA;NA;NA;NA;NA;NA;NA;NA;NA;;4;;2;;5 et 8;5,8;172,72;2;;135;61,2;61,2
277;R_2zTOKW8Ufdl0IKR;44;2;NA;1;NA;NA;NA;NA;NA;NA;NA;NA;NA;NA;NA;;5;;2;;5 pi 2 po;5,2;157,48;2;;185;83,9;83,9
278;R_2zXSqJnui45drQG;40;2;NA;1;NA;NA;NA;NA;NA;NA;NA;NA;NA;NA;NA;;6;;2;;5 2;5,2;157,48;2;;195;88,4;88,4
279;R_300GJDNUlfEmLMa;35;3;NA;NA;NA;1;NA;NA;NA;NA;NA;NA;NA;NA;NA;;8;DESS;1;168;;;168;1;84.00;;;84
280;R_300sgaxl6kMFD3N;37;2;NA;1;NA;NA;NA;NA;NA;NA;NA;NA;NA;NA;NA;;4;;1;1, 47;;;147;2;;215;97,5;97,5
281;R_30q1q2ebZ78vRdI;53;1;1;NA;NA;NA;NA;NA;NA;NA;NA;NA;NA;NA;NA;;8;Cour de cuisiner d'établissement;2;;"5'8""";5,8;172,72;2;;208;94,3;94,3
282;R_30wcHmb9ZtzUpKD;17;2;NA;1;NA;NA;NA;NA;NA;NA;NA;NA;NA;NA;NA;;5;;2;;5pi2po;5,2;157,48;2;;158;71,7;71,7
283;R_31AbNiNaq0WOFxq;49;2;NA;1;NA;NA;NA;NA;NA;NA;NA;NA;NA;NA;NA;;5;;2;;5 et un;5,1;154,94;2;;180;81,6;81,6
284;R_31n4C87C6rcw3nZ;13;2;NA;1;NA;NA;NA;NA;NA;NA;NA;NA;NA;NA;NA;;5;;1;1,76;;;176;2;;195;88,4;88,4
285;R_31Xmn28EMg8NZWi;22;2;NA;1;NA;NA;NA;NA;NA;NA;NA;NA;NA;NA;NA;;5;;2;;5 et 1;5,1;154,94;2;;110;49,9;49,9
286;R_31zrvCPVDA5o2pb;58;2;NA;1;NA;NA;NA;NA;NA;NA;NA;NA;NA;NA;NA;;5;;1;168 cm;;;168;1;65;;;65
287;R_324u3OE71XsZ4eb;4;1;1;NA;NA;NA;1;NA;NA;NA;NA;NA;NA;NA;NA;;4;;1;165;;;165;1;50;;;50
288;R_32L9nOkzSYYJEmF;13;2;NA;1;NA;NA;NA;NA;NA;NA;NA;NA;NA;NA;NA;;2;;2;;5p5;5,5;165,1;2;;175;79,4;79,4
289;R_32WIzRfkLtyW1Tu;24;2;NA;1;NA;NA;NA;NA;NA;NA;NA;NA;NA;NA;NA;;4;;2;;5,6;5,6;167,64;2;;118;53,5;53,5
290;R_3axJwOMCeBxunS1;27;2;NA;1;NA;NA;NA;NA;NA;NA;NA;NA;NA;NA;NA;;3;;2;;5 pieds 4 pouces;5,4;162,56;2;;185;83,9;83,9
291;R_3CDfnzZ7xZ06V4B;39;1;1;NA;NA;NA;NA;NA;NA;NA;NA;NA;NA;NA;NA;;8;Certificat HEC;2;;5 10;5,10;177,8;2;;216;98;98
292;R_3CHg7Ww36SHc7vd;21;2;NA;1;NA;NA;NA;NA;NA;NA;NA;NA;NA;NA;NA;;5;;2;;5 et 10;5,10;177,8;2;;197;89,3;89,3
293;R_3CJKD7nXVIicx2u;31;2;NA;1;NA;NA;NA;NA;NA;NA;NA;NA;NA;NA;NA;;4;;2;;5 pieds 6pouces;5,6;167,64;2;;248;112,5;112,5
294;R_3CK6mwkhKG2KuZC;51;1;1;NA;NA;NA;NA;NA;NA;NA;NA;NA;NA;NA;NA;;2;;2;;5 pieds 6 pouces;5,6;167,64;2;;150;68;68
295;R_3CNH6ZNGIRxQ1fk;20;2;NA;1;NA;NA;NA;NA;NA;NA;NA;NA;NA;NA;NA;;6;;1;1m62;;;162;2;;130;59;59
296;R_3CTyQHw7q3ATLZ5;32;2;NA;1;NA;NA;NA;NA;NA;NA;NA;NA;NA;NA;NA;;8;Et scolarité maîtrise;2;;5’4 ;5,4;162,56;2;;120;54,4;54,4
297;R_3CUEjXdpbgyUipw;4;2;NA;1;NA;NA;NA;NA;NA;NA;NA;NA;NA;NA;NA;;8;Technique au cégep;2;;"5,7""";5,7;170,18;2;;140;63,5;63,5
298;R_3CVCsbF8MToZ0Uk;28;2;NA;1;NA;NA;NA;NA;NA;NA;NA;NA;NA;NA;NA;;5;;2;;5.7;5,7;170,18;2;;214;97,1;97,1
299;R_3CzM4511HLJ6jWp;3;2;NA;1;NA;NA;NA;NA;NA;NA;NA;NA;NA;NA;NA;;4;;1;1m74;;;174;2;;166;75,3;75,3
300;R_3DuKOuF7Yg3GBvR;41;2;NA;1;NA;NA;NA;NA;NA;NA;NA;NA;NA;NA;NA;;8;Certificat ADM compléter et certificat en planification financier non terminé;2;;5’2 ‘’;5,2;157,48;2;;120;54,4;54,4
301;R_3Dvyl8gLzgT5wvx;12;2;NA;1;NA;NA;NA;NA;NA;NA;NA;NA;NA;NA;NA;;5;;2;;5p9;5,9;175,26;2;;135;61,2;61,2
302;R_3dXpkwRkJlCjwyI;34;2;NA;1;NA;NA;NA;NA;NA;NA;NA;NA;NA;NA;NA;;5;;2;;5 pieds 3 pouces;5,3;160,02;2;;125;56,7;56,7
303;R_3dXv8CbsXNjZqj3;15;2;NA;1;NA;NA;NA;NA;NA;NA;NA;NA;NA;NA;NA;;5;;1;155 cm;;;155;2;;138 (14 semaines de grossesse);62,6;62,6
304;R_3e2FBsFe0rCSg4a;12;2;NA;1;NA;NA;NA;NA;NA;NA;NA;NA;NA;NA;NA;;8;Certificat à l'université;2;;"5""0'";5;152,4;2;;120;54,4;54,4
305;R_3e2ggt2EoVYXnZr;17;2;NA;1;NA;NA;NA;NA;NA;NA;NA;NA;NA;NA;NA;;5;;1;171;;;171;2;;169;76,6;76,6
306;R_3eajrntFBWaLzhv;45;2;NA;1;NA;NA;NA;NA;NA;NA;NA;NA;NA;NA;NA;;4;;2;;5;5;152,4;2;;116;52,6;52,6
307;R_3eaVtrvm34DFWt2;29;2;NA;1;NA;NA;NA;NA;NA;NA;NA;NA;NA;NA;NA;;4;;2;;5 6;5,6;167,64;2;;220;99,8;99,8
308;R_3ebkkh5QB0QtX6m;2;2;NA;1;NA;NA;NA;NA;NA;NA;NA;NA;NA;NA;NA;;4;;2;;5”4;5,4;162,56;2;;135;61,2;61,2
309;R_3EcDbXT6dIISQgi;29;2;NA;1;NA;NA;NA;NA;NA;NA;NA;NA;NA;NA;NA;;6;;2;;5,5;5,5;165,1;2;;130;59;59
310;R_3ezzHZPXbDCAcsH;26;2;NA;1;NA;NA;NA;NA;NA;NA;NA;NA;NA;NA;NA;;4;;2;;5 pieds 2 pouces;5,2;157,48;2;;148;67,1;67,1
311;R_3fI8JLxwVvhG8DO;29;2;NA;1;NA;NA;NA;NA;NA;NA;NA;NA;NA;NA;NA;;5;;2;;5 pieds 2 pouces;5,2;157,48;2;;150;68;68
312;R_3fkKeyxlJH27xhU;14;2;NA;1;NA;NA;NA;NA;NA;NA;NA;NA;NA;NA;NA;;4;;2;;5 pieds et 8 pouces;5,8;172,72;2;;155;70,3;70,3
313;R_3FKzZUAALhCb70R;25;2;NA;1;NA;NA;NA;NA;NA;NA;NA;NA;NA;NA;NA;;5;;2;;5pi 7.75po;5,775;172,09;2;;150;68;68
314;R_3fl97wi1INiJV0y;25;2;NA;1;NA;NA;NA;NA;NA;NA;NA;NA;NA;NA;NA;;8;Certificat universitaire;2;;"5’4""";5,4;162,56;2;;142;64,4;64,4
315;R_3fQ3sIV6Y65cRCE;16;2;NA;1;NA;NA;NA;NA;NA;NA;NA;NA;NA;NA;NA;;6;;2;;5,5;5,5;165,1;2;;155;70,3;70,3
316;R_3fqrg2soQTOs5Cn;18;2;NA;1;NA;NA;NA;NA;NA;NA;NA;NA;NA;NA;NA;;5;;2;;5 pieds 5 pouces;5,5;165,1;2;;135;61,2;61,2
317;R_3frwFvlghNMoaUY;37;1;1;NA;NA;NA;NA;NA;NA;NA;NA;NA;NA;NA;NA;;8;Diplôme de deuxième cycle et deux Bac;2;;5 et 10;5,10;177,8;2;;170;77,1;77,1
318;R_3FUqnyZV8CmAa2n;25;2;NA;1;NA;NA;NA;NA;NA;NA;NA;NA;NA;NA;NA;;2;;2;;5’3;5,3;160,02;2;;170;77,1;77,1
319;R_3fYU2abkwTL12GZ;33;2;NA;1;NA;NA;NA;NA;NA;NA;NA;NA;NA;NA;NA;;5;;1;159;;;159;1;68;;;68
320;R_3G1cQJo7nL1dS6J;26;2;NA;1;NA;NA;NA;NA;NA;NA;NA;NA;NA;NA;NA;;4;;2;;5 pieds 3 pouces;5,3;160,02;2;;260;117,9;117,9
321;R_3g1IowiUsJbpWB5;14;2;NA;1;NA;NA;NA;NA;NA;NA;NA;NA;NA;NA;NA;;5;;2;;5 pied et 5 pouces;5,5;165,1;2;;163;73,9;73,9
322;R_3GBBIKuLgfXzEpE;24;2;NA;1;NA;NA;NA;NA;NA;NA;NA;NA;NA;NA;NA;;6;;1;1,6;;;160;2;;101;45,8;45,8
323;R_3GDoT1ZKubcp7Bd;12;2;NA;1;NA;NA;NA;NA;NA;NA;NA;NA;NA;NA;NA;;8;BTS (France) et certificat 1er cycle en cours;1;1,68;;;168;1;53;;;53
324;R_3Gert5JPzzUXX6d;50;1;1;NA;NA;NA;NA;NA;NA;NA;NA;NA;NA;NA;NA;;4;;1;180;;;180;1;90;;;90
325;R_3GkOUpmXQIz6tpg;25;2;NA;1;NA;NA;NA;NA;NA;NA;NA;NA;NA;NA;NA;;5;;2;;"5'6""";5,6;167,64;2;;145;65,8;65,8
326;R_3gNQtzB0RCtcKdD;32;2;NA;1;NA;NA;NA;NA;NA;NA;NA;NA;NA;NA;NA;;4;;2;;5,3;5,3;160,02;2;;136;61,7;61,7
327;R_3GvrgQtn6tvpvot;22;2;NA;1;NA;NA;NA;NA;NA;NA;NA;NA;NA;NA;NA;;6;;2;;5 pieds 2;5,2;157,48;2;;120;54,4;54,4
328;R_3habRk6ujZbSYFs;38;1;1;NA;NA;NA;NA;NA;NA;NA;NA;NA;NA;NA;NA;;2;;1;1,78;;;178;2;;200;90,7;90,7
329;R_3HAEQzZAIme0YUr;31;2;NA;1;NA;NA;NA;NA;NA;NA;NA;NA;NA;NA;NA;;4;;2;;"5'1""";5,1;154,94;2;;210;95,2;95,2
330;R_3harNVVR9oDx50R;12;2;NA;1;NA;NA;NA;NA;NA;NA;NA;NA;NA;NA;NA;;8;DESS complété;2;;5.85;5,85;173,99;2;;156;70,7;70,7
331;R_3hG557SYdmbb2cR;41;2;NA;1;NA;NA;NA;NA;NA;NA;NA;NA;NA;NA;NA;;6;;2;;5 et 8;5,8;172,72;2;;238;107,9;107,9
332;R_3hGvAXIf9KjGn9M;37;2;NA;1;NA;NA;NA;NA;NA;NA;NA;NA;NA;NA;NA;;5;;2;;5'6;5,6;167,64;2;;112;50,8;50,8
333;R_3HiUjoTKKonXE8b;28;2;NA;1;NA;NA;NA;NA;NA;NA;NA;NA;NA;NA;NA;;6;;2;;5’3;5,3;160,02;2;;170;77,1;77,1
334;R_3hm9g0XyPEOLu0O;44;1;1;NA;NA;NA;NA;NA;NA;NA;NA;NA;NA;NA;NA;;5;;2;;6’2 ;6,2;187,96;2;;180;81,6;81,6
335;R_3HoeCfng1x8E0oZ;47;1;1;NA;NA;NA;NA;NA;NA;NA;NA;NA;NA;NA;NA;;8;certificat universitaire + cours spécialisés;2;;6 pied 4 pouces;6,4;173,04;2;;220;99,8;99,8
336;R_3HuzuehgKqcOhjr;24;2;NA;1;NA;NA;NA;NA;NA;NA;NA;NA;NA;NA;NA;;4;;2;;"5'3""";5,3;160,02;2;;190;86,2;86,2
337;R_3I6o5wueROFx8GJ;53;2;NA;1;NA;NA;NA;NA;NA;NA;NA;NA;NA;NA;NA;;5;;2;;5 pi 2 po;5,2;157,48;2;;125;56,7;56,7
338;R_3IbBy1coECdziye;11;2;NA;1;NA;NA;NA;NA;NA;NA;NA;NA;1;NA;NA;;4;;1;168 cm;;;168;2;;130;59;59
339;R_3Ic8QpHNIGwpFFc;24;2;NA;1;NA;NA;NA;NA;NA;NA;NA;NA;NA;NA;NA;;8;Bac + 2 BTS;1;1,7;;;170;1;55;;;55
340;R_3iJU98gYD63pD3m;52;2;NA;1;1;NA;NA;NA;NA;NA;NA;NA;NA;NA;NA;;8;+2certificats;2;;5,4;5,4;162,56;2;;145;65,8;65,8
341;R_3ikz11kpB9J2Bvb;27;2;NA;1;NA;NA;NA;NA;NA;NA;NA;NA;NA;NA;NA;;5;;2;;5,3;5,3;160,02;2;;122;55,3;55,3
342;R_3IQ42BMBX3GFMwk;15;2;NA;1;NA;NA;NA;NA;NA;NA;NA;NA;NA;NA;NA;;6;;1;157;;;157;2;;115;52,2;52,2
343;R_3iR5ZZwXq38rDcc;33;1;1;NA;NA;NA;NA;NA;NA;NA;NA;NA;NA;NA;NA;;3;;2;;5,1;5,1;154,94;2;;200;90,7;90,7
344;R_3irkYLi0hFfMk9g;48;1;1;NA;NA;NA;NA;NA;NA;NA;NA;NA;NA;NA;NA;;6;;1;168;;;168;1;78;;;78
345;R_3J2RQ04ZY6puFJn;47;1;1;NA;NA;NA;NA;NA;NA;NA;NA;NA;NA;NA;NA;;1;;1;1.70;;;170;2;;210;95,2;95,2
346;R_3J3PFKbt9xdZZdO;46;2;NA;1;NA;NA;NA;NA;NA;NA;NA;NA;NA;NA;NA;;5;;2;;5 pieds 2 pouces;5,2;157,48;2;;140;63,5;63,5
347;R_3j65P7a0KMrNxmH;5;2;NA;1;NA;NA;NA;NA;NA;NA;NA;NA;NA;NA;NA;;5;;1;157 cm;;;157;1;90;;;90
348;R_3Jat3apAmbQfbFA;13;3;NA;NA;NA;NA;1;NA;NA;NA;NA;1;NA;NA;NA;;5;;2;;5'3;5,3;160,02;2;;235;106,6;106,6
349;R_3JLB7V4KpSBKMwB;48;2;NA;1;NA;NA;NA;NA;NA;NA;NA;NA;NA;NA;NA;;5;;2;;5´6;5,6;167,64;2;;160;72,6;72,6
350;R_3JqhU8gTypMIGtl;3;2;NA;1;NA;NA;NA;NA;NA;NA;NA;NA;NA;NA;NA;;4;;2;;5 pieds et 1 pouce et demi;5,15;156,21;2;;122;55,3;55,3
351;R_3JwuZ0JytKOStMm;31;1;1;NA;NA;NA;NA;NA;NA;NA;NA;NA;NA;NA;NA;;6;;2;;5 pieds 7 pouces;5,7;170,18;2;;250;113,4;113,4
352;R_3k6fAdgJb1FnxCQ;30;2;NA;1;NA;NA;NA;NA;NA;NA;NA;NA;NA;NA;NA;;5;;1;157;;;157;2;;135;61,2;61,2
353;R_3kbrpGzaB385oUj;24;1;1;NA;NA;NA;NA;NA;NA;NA;NA;NA;NA;NA;NA;;5;;2;;5 pieds 10 po;5,10;177,8;2;;263;119,3;119,3
354;R_3kctNJSksk6n6GK;30;2;NA;1;NA;NA;NA;NA;NA;NA;NA;NA;NA;NA;NA;;8;Scolarité maitrise et doctorat;2;;5’6;5,6;167,64;2;;+/-160;72,6;72,6
355;R_3kMq9ojSUhiSUYI;26;2;NA;1;NA;NA;NA;NA;NA;NA;NA;NA;NA;NA;NA;;6;;2;;5’8 ‘’;5,8;172,72;2;;234;106,1;106,1
356;R_3Krr0yyOTXtW2uw;27;2;NA;1;NA;NA;NA;NA;NA;NA;NA;NA;NA;NA;NA;;4;;1;157;;;157;2;;189;85,7;85,7
357;R_3KU8QbUqQx0CIZ0;11;2;NA;1;NA;NA;NA;NA;NA;NA;NA;NA;NA;NA;NA;;5;;2;;5,4;5,4;162,56;2;;200;90,7;90,7
358;R_3Kx9TMqpfvag1sc;11;2;NA;1;NA;NA;NA;NA;NA;NA;NA;NA;NA;NA;NA;;4;;2;;5p2;5,2;157,48;2;;150;68;68
359;R_3KxZ8JXlWtvZWXF;44;2;NA;1;NA;NA;NA;NA;NA;NA;NA;NA;NA;NA;NA;;4;;2;;5 pi 2 po;5,2;157,48;2;;285;129,3;129,3
360;R_3L7FZ16z6BvZscF;29;1;1;NA;NA;NA;NA;NA;NA;NA;NA;NA;NA;NA;NA;;2;;2;;5.9;5,9;175,26;2;;360;163,3;163,3
361;R_3LbxFxCYrNVJ0OO;42;2;NA;1;NA;NA;NA;NA;NA;NA;NA;NA;NA;NA;NA;;5;;2;;5,6;5,6;167,64;2;;140;63,5;63,5
362;R_3Ld2mO3Y2knHEyd;45;1;1;NA;NA;NA;NA;NA;NA;NA;NA;NA;NA;NA;NA;;8;B.A. + certificat;1;183;;;183;1;95;;;95
363;R_3LiNzHnaBDnZEl4;4;2;NA;1;NA;NA;NA;NA;NA;NA;NA;NA;NA;NA;NA;;4;;2;;5;5;152,4;2;;115;52,2;52,2
364;R_3lQWyMCUUzip00m;27;2;NA;1;NA;NA;NA;NA;NA;NA;NA;NA;NA;NA;NA;;4;;1;1,64;;;164;2;;128;58;58
365;R_3lrm7KCh5DrY9eA;50;1;1;NA;NA;NA;NA;NA;NA;NA;NA;NA;NA;NA;NA;;4;;1;1.75;;;175;2;;160;72,6;72,6
366;R_3LXwuiiQjvZMUjl;39;1;1;NA;NA;NA;NA;NA;NA;NA;NA;NA;NA;NA;NA;;5;;2;;5’-4”;5,4;162,56;2;;127;57,6;57,6
367;R_3LZl9oZ4VPwzAuv;25;2;NA;1;NA;NA;NA;NA;NA;NA;NA;NA;NA;NA;NA;;4;;2;;5,5;5,5;165,1;2;;210;95,2;95,2
368;R_3m2xxdDmwROOuEr;16;1;1;NA;NA;NA;NA;NA;NA;NA;NA;NA;NA;NA;NA;;8;Certificat;2;;5’10;5,10;177,8;2;;218;98,9;98,9
369;R_3M55UQOjj7KaQzL;15;1;1;NA;NA;NA;NA;NA;NA;NA;NA;NA;NA;NA;NA;;4;;2;;5,5;5,5;165,1;2;;135;61,2;61,2
370;R_3mb26Qj9ZIKqHBZ;48;2;NA;1;NA;NA;NA;NA;NA;NA;NA;NA;NA;NA;NA;;4;;2;;5 pieds 5 pouces;5,5;165,1;2;;155;70,3;70,3
371;R_3MEejcmRwr9hFye;25;1;1;NA;NA;NA;NA;NA;NA;NA;NA;NA;NA;NA;NA;;3;;2;;5 et 6;5,6;167,64;2;;230;104,3;104,3
372;R_3MJBpovJiaHNZrb;16;2;NA;1;NA;NA;NA;NA;NA;NA;NA;NA;NA;NA;NA;;3;;2;;5.4;5,4;162,56;1;67;;;67
373;R_3MlCDAOdh0BfszN;41;1;1;NA;NA;NA;NA;NA;NA;NA;NA;NA;NA;NA;NA;;5;;2;;6.0;6;182,88;2;;182;82,5;82,5
374;R_3MLv7sKyv6qtiiK;31;2;NA;1;NA;NA;NA;NA;NA;NA;NA;NA;NA;NA;NA;;4;;2;;5’7 ;5,7;170,18;2;;148;67,1;67,1
375;R_3MoNPEbMYBCTxGE;29;1;1;NA;NA;NA;NA;NA;NA;NA;NA;NA;NA;NA;NA;;5;;2;;6 pieds 2 pouces;6,2;187,96;2;;279;126,5;126,5
376;R_3MQjmUI6LRZwSgI;18;2;NA;1;NA;NA;NA;NA;NA;NA;NA;NA;NA;NA;NA;;6;;1;150;;;150;2;;113;51,2;51,2
377;R_3MzIySMCZcdoeCg;33;1;1;NA;NA;NA;NA;NA;NA;NA;NA;NA;NA;NA;NA;;4;;2;;5pi 9po;5,9;175,26;2;;265;120,2;120,2
378;R_3n5UKeMKHZftaHq;46;1;1;NA;NA;NA;NA;NA;NA;NA;NA;NA;NA;NA;NA;;5;;2;;5,11;5,11;180,34;2;;190;86,2;86,2
379;R_3n9q8r0S6byTQv6;37;1;1;NA;NA;NA;NA;NA;NA;NA;NA;NA;NA;NA;NA;;3;;2;;5 pieds 11 pouces;5,11;180,34;2;;190;86,2;86,2
380;R_3NFp7UMqtU8Ifpu;21;2;NA;1;NA;NA;NA;NA;NA;NA;NA;NA;NA;NA;NA;;8;Certificat n management;2;;5,6;5,6;167,64;2;;130;59;59
381;R_3njFtpowJ9NXESL;34;2;NA;1;NA;NA;NA;NA;NA;NA;NA;NA;NA;NA;NA;;6;;2;;5 pieds 4 pouces;5,4;162,56;2;;155;70,3;70,3
382;R_3NLrtB8aq5c4Ymw;32;1;1;NA;NA;NA;NA;NA;NA;NA;NA;NA;NA;NA;NA;;5;;2;;5’11”;5,11;180,34;2;;174;78,9;78,9
383;R_3nPGtYSZMdOnejB;32;2;NA;1;NA;NA;NA;NA;NA;NA;NA;NA;NA;NA;NA;;5;;1;1,5;;;150;2;;160;72,6;72,6
384;R_3O8HyljvUMrixs5;10;2;NA;1;NA;NA;NA;NA;NA;NA;NA;NA;NA;NA;NA;;5;;2;;5 pieds 3 pouces;5,3;160,02;2;;130;59;59
385;R_3O9zM06CouQw25L;45;2;NA;1;NA;NA;NA;NA;NA;NA;NA;NA;NA;NA;NA;;5;;1;1.74;;;174;2;;120;54,4;54,4
386;R_3Oizs9AdGyJkruY;3;2;NA;1;NA;NA;NA;NA;NA;NA;NA;NA;NA;NA;NA;;4;;2;;5 pieds 7 pouces;5,7;170,18;1;57;;;57
387;R_3OrnAzMpnn0dKO0;18;2;NA;1;NA;NA;NA;NA;NA;NA;NA;NA;NA;NA;NA;;5;;1;1.78;;;178;1;94;;;94
388;R_3oShyin13BG5NGD;29;1;1;NA;NA;NA;NA;NA;NA;NA;NA;NA;NA;NA;NA;;5;;2;;"6'0""";6;182,88;2;;146;66,2;66,2
389;R_3oTUoTGvd5P5mLM;57;1;1;NA;NA;NA;NA;NA;NA;NA;NA;NA;NA;NA;NA;;5;;2;;05-oct;;;2;;185;83,9;83,9
390;R_3oYLwMSuwzthxmR;1;2;NA;1;NA;NA;NA;NA;NA;NA;NA;NA;NA;NA;NA;;2;;NA;;;;;NA;;;;
391;R_3OyxXq9sazQhAxb;15;2;NA;1;NA;NA;NA;NA;NA;NA;NA;NA;NA;NA;NA;;5;;1;1,55;;;155;1;50;;;50
392;R_3PAgB7vU8xAodRU;21;2;NA;1;NA;NA;NA;NA;NA;NA;NA;NA;NA;NA;NA;;5;;2;;5 pieds 6 pouces;5,6;167,64;2;;138;62,6;62,6
393;R_3PbO6S5Krtf3koa;43;1;1;NA;NA;NA;NA;NA;NA;NA;NA;NA;NA;NA;NA;;4;;2;;5pi 6po;5,6;167,64;2;;180;81,6;81,6
394;R_3pbTmDKTlUz1735;3;2;NA;1;NA;NA;NA;NA;NA;NA;NA;NA;NA;NA;NA;;4;;2;;5,1;5,1;154,94;2;;110;49,9;49,9
395;R_3pbyYyoR8tXuTnJ;13;1;1;NA;NA;NA;NA;NA;NA;NA;NA;NA;NA;NA;NA;;5;;2;;"6'0""";6;182,88;2;;205;93;93
396;R_3PC8IzxpoLA5gKj;42;1;1;NA;NA;NA;NA;NA;NA;NA;NA;NA;NA;NA;NA;;4;;1;172;;;172;1;125;;;125
397;R_3Pk0KAbEqXt9uPE;30;1;1;NA;NA;NA;NA;NA;NA;NA;NA;NA;NA;NA;NA;;5;;NA;;;;;1;72;;;72
398;R_3PMjodoJKjmO4In;19;2;NA;1;NA;NA;NA;NA;NA;NA;NA;NA;NA;NA;NA;;4;;2;;5p4;5,4;162,56;2;;140;63,5;63,5
399;R_3ptZXH60b8nF2qE;45;1;1;NA;NA;NA;NA;NA;NA;NA;NA;NA;NA;NA;NA;;2;;2;;6;6;182,88;2;;165;74,8;74,8
400;R_3Q0l2K4HzE8qJ3z;43;2;NA;1;NA;NA;NA;NA;NA;NA;NA;NA;NA;NA;NA;;8;Certificat universitaire;2;;5 pieds 8 pouces;5,8;172,72;2;;250;113,4;113,4
401;R_3Q8UdS6QPyPwVsl;19;2;NA;1;NA;NA;NA;NA;NA;NA;NA;NA;NA;NA;NA;;3;;2;;5'7;5,7;170,18;2;;130;59;59
402;R_3q9cDBzCVShme2v;28;2;NA;1;NA;NA;NA;NA;NA;NA;NA;NA;NA;NA;NA;;5;;1;1,55;;;155;2;;165;74,8;74,8
403;R_3qDRQkuYHj8kfWH;25;3;NA;NA;1;NA;1;NA;NA;NA;NA;NA;NA;NA;NA;;5;;2;;"5'5""";5,5;165,1;2;;300;136,1;136,1
404;R_3QG0Iq3RiEcklND;8;2;NA;1;NA;NA;NA;NA;NA;NA;NA;NA;NA;NA;NA;;6;;1;1m73;;;173;2;;135;61,2;61,2
405;R_3qHHtBVNvcgoHZM;22;2;NA;1;NA;NA;NA;NA;NA;NA;NA;NA;NA;NA;NA;;5;;2;;5 pieds et 6 pouces;5,6;167,64;2;;140;63,5;63,5
406;R_3qmoyfHJ7OE47ic;18;2;NA;1;NA;NA;NA;NA;NA;NA;NA;NA;NA;NA;NA;;4;;1;163 centimètres;;;163;2;;115;52,2;52,2
407;R_3qmtjJcAqfwGMrS;32;1;1;NA;NA;NA;NA;NA;NA;NA;NA;NA;NA;NA;NA;;4;;2;;6 et un;6,1;185,42;2;;240;108,8;108,8
408;R_3QVoXQDQQ6znYOo;30;2;NA;1;NA;NA;NA;NA;NA;NA;NA;NA;NA;NA;NA;;4;;2;;5 pi 3 po;5,3;160,02;2;;201;91,2;91,2
409;R_3R3MFIp97bFxne3;28;1;1;NA;NA;NA;NA;NA;NA;NA;NA;NA;NA;NA;NA;;4;;2;;6’ 00’’;6;182,88;2;;230;104,3;104,3
410;R_3R9JrON4EnEo9oF;64;2;NA;1;NA;NA;NA;NA;NA;NA;NA;NA;NA;NA;NA;;1;;2;;5’3 ‘’;5,3;160,02;2;;100;45,4;45,4
411;R_3Rf1iFO3vXCe4m7;47;2;NA;1;NA;NA;NA;NA;NA;NA;NA;NA;NA;NA;NA;;1;;2;;5 p 6po;5,6;167,64;2;;212;96,1;96,1
412;R_3RgtwWOmXMBdKQu;47;1;1;NA;NA;NA;NA;NA;NA;NA;NA;NA;NA;NA;NA;;5;;NA;;;;;2;;172;78;78
413;R_3rHgORap3PaXpeG;22;2;NA;1;NA;NA;NA;NA;NA;NA;NA;NA;NA;NA;NA;;3;;2;;5.3;5,3;160,02;2;;129;58,5;58,5
414;R_3rJnP6QDugVrdEj;34;1;1;NA;NA;NA;NA;NA;NA;NA;NA;NA;NA;NA;NA;;5;;2;;5 pieds et 6 pouces;5,6;167,64;2;;150;68;68
415;R_3Rqlkm5E7wYDeNr;48;1;1;NA;NA;NA;NA;NA;NA;NA;NA;NA;NA;NA;NA;;5;;2;;5 pieds 8 pouces;5,8;172,72;2;;145;65,8;65,8
416;R_3s4RZ7HHUIva7wu;30;2;NA;1;NA;NA;NA;NA;NA;NA;NA;NA;NA;NA;NA;;4;;2;;5;5;152,4;2;;117;53,1;53,1
417;R_3sdkmTQ5s0Pnrv7;33;1;1;NA;NA;NA;NA;NA;NA;NA;NA;NA;NA;NA;NA;;4;;1;1,82;;;182;2;;215;97,5;97,5
418;R_3svtXlICXxb8tus;42;2;NA;1;NA;NA;NA;NA;NA;NA;NA;NA;NA;NA;NA;;5;;2;;5 pieds 6 pouces;5,6;167,64;2;;120;54,4;54,4
419;R_3wszSsHSrR2CEA9;8;2;NA;1;NA;NA;NA;NA;NA;NA;NA;NA;NA;NA;NA;;4;;2;;5p3;5,3;160,02;2;;130;59;59
420;R_4SMu0KOw1mqFmOB;27;2;NA;1;NA;NA;NA;NA;NA;NA;NA;NA;NA;NA;NA;;6;;1;1,65;;;165;2;;158;71,7;71,7
421;R_4TMjqNlPGQYU8V3;47;2;NA;1;NA;NA;NA;NA;NA;NA;NA;NA;NA;NA;NA;;2;;2;;5 pieds 8 pouces;5,8;172,72;2;;205;93;93
422;R_4VDA24wgwd04i3L;51;1;1;NA;NA;NA;NA;NA;NA;NA;NA;NA;NA;NA;NA;;5;;2;;70;7;213,36;2;;205;93;93
423;R_4VGZHnZIWi9MZ8Z;23;1;1;NA;NA;NA;NA;NA;NA;NA;NA;NA;NA;NA;NA;;4;;1;176 cm;;;176;2;;210;95,2;95,2
424;R_5ApCHb3je2bmYjD;29;1;1;NA;NA;NA;NA;NA;NA;NA;NA;NA;NA;NA;NA;;6;;2;;5 pieds 8 pouces;5,8;172,72;2;;160;72,6;72,6
425;R_5BfdF818IkJevxn;23;2;NA;1;NA;NA;NA;NA;NA;NA;NA;NA;NA;NA;NA;;5;;2;;5'7'';5,7;170,18;2;;190;86,2;86,2
426;R_5BGiV211rSgK51f;19;2;NA;1;NA;NA;NA;NA;NA;NA;NA;NA;NA;NA;NA;;4;;1;1.74;;;174;2;;193;87,5;87,5
427;R_5bZWcdvysgz3oFb;39;1;1;NA;NA;NA;NA;NA;NA;NA;NA;NA;NA;NA;NA;;2;;2;;5,8;5,8;172,72;2;;192;87,1;87,1
428;R_5jdLky0i0gbyAGl;32;1;1;NA;NA;NA;NA;NA;NA;NA;NA;NA;NA;NA;NA;;6;;1;170;;;170;2;;180;81,6;81,6
429;R_6igQfz5Y7zBkhcR;5;2;NA;1;NA;NA;NA;NA;NA;NA;NA;NA;NA;NA;NA;;4;;2;;5p5;5,5;165,1;2;;160;72,6;72,6
430;R_6JewriuCi9ajKyl;52;1;1;NA;NA;NA;NA;NA;NA;NA;NA;NA;NA;NA;NA;;6;;1;1m 72;;;172;2;;165;74,8;74,8
431;R_6Km2RrrflEM9ScV;45;1;1;NA;NA;NA;NA;NA;NA;NA;NA;NA;NA;NA;NA;;4;;2;;5 pieds 11 pouces;5,11;180,34;2;;170;77,1;77,1
432;R_6KzSIEwlGy5bsOJ;29;2;NA;1;NA;NA;NA;NA;NA;NA;NA;NA;NA;NA;NA;;5;;2;;5.6;5,6;167,64;2;;136;61,7;61,7
433;R_6LRE75LfWyzVXyx;14;2;NA;1;NA;NA;NA;NA;NA;NA;NA;NA;NA;NA;NA;;6;;2;;5 p.2;5,2;157,48;2;;128;58;58
434;R_6sSkIxGoqMBHtiF;23;1;1;NA;NA;NA;NA;NA;NA;NA;NA;NA;NA;NA;NA;;4;;2;;6;6;182,88;2;;210;95,2;95,2
435;R_73D49phckSXli7L;18;2;NA;1;NA;NA;NA;NA;NA;NA;NA;NA;NA;NA;NA;;4;;2;;5p5;5,5;165,1;2;;175;79,4;79,4
436;R_78SQdyPPI9nKhnX;46;2;NA;1;NA;NA;NA;NA;NA;NA;NA;NA;NA;NA;NA;;4;;2;;05-août;;;2;;182;82,5;82,5
437;R_79CTJ4lFVXXVN5L;2;2;NA;1;NA;NA;NA;NA;NA;NA;NA;NA;NA;NA;NA;;4;;1;160;;;160;1;50;;;50
438;R_79vKmsnwUEkoG1b;42;2;NA;1;NA;NA;NA;NA;NA;NA;NA;NA;NA;NA;NA;;6;;2;;"5'3""";5,3;160,02;2;;137;62,1;62,1
439;R_7NxbWrHsmspHEaJ;24;2;NA;1;NA;NA;NA;NA;NA;NA;NA;NA;NA;NA;NA;;2;;2;;5 pieds 4 pouces;5,4;162,56;2;;178;80,7;80,7
440;R_8AZkugoDM6FXuet;16;2;NA;1;NA;NA;NA;NA;NA;NA;NA;NA;NA;NA;NA;;5;;1;1,67;;;167;1;96;;;96
441;R_8cwJiPcOswoyV0t;16;1;1;NA;NA;NA;NA;NA;NA;NA;NA;NA;NA;NA;NA;;2;;1;170 centimetres;;;170;2;;175;79,4;79,4
442;R_8j4AmTGglqdLQpX;30;2;NA;1;NA;NA;NA;NA;NA;NA;NA;NA;NA;NA;NA;;7;;1;1.65;;;165;2;;170;77,1;77,1
443;R_8nOjUNqLNMLisEN;43;2;NA;1;NA;NA;NA;NA;NA;NA;NA;NA;NA;NA;NA;;3;;2;;5 pieds;5;165,1;2;;120;54,4;54,4
444;R_8qVxlq9rsgx6bg5;17;2;NA;1;NA;NA;NA;NA;NA;NA;NA;NA;NA;NA;NA;;8;Maîtrise en cours;2;;5 pi 9;5,9;175,26;2;;184;83,4;83,4
445;R_8zXuHp0bMUnkgZr;13;1;1;NA;NA;NA;NA;NA;NA;NA;NA;NA;NA;NA;NA;;2;;2;;"5'10""";5,10;177,8;2;;210;95,2;95,2
446;R_9MrhqFQGQoJFEGt;6;2;NA;1;NA;NA;NA;NA;NA;NA;NA;NA;NA;NA;NA;;5;;2;;5 pieds 6 pouces;5,6;167,64;2;;130;59;59
447;R_9tSMzY8twzcqYTv;24;2;NA;1;NA;NA;NA;NA;NA;NA;NA;NA;NA;NA;NA;;5;;1;168;;;168;2;;116;52,6;52,6
448;R_A6YLeBlYGM2YdqN;28;2;NA;1;NA;NA;NA;NA;NA;NA;NA;NA;NA;NA;NA;;4;;2;;5,4;5,4;162,56;2;;210;95,2;95,2
449;R_a90dHDx0wfMB7KV;36;2;NA;1;NA;NA;NA;NA;NA;NA;NA;NA;NA;NA;NA;;3;;2;;4’11’’;4,11;149,86;2;;181;82,1;82,1
450;R_a9v9d3iTVpLPvVL;27;2;NA;1;NA;NA;NA;NA;NA;NA;NA;NA;NA;NA;NA;;6;;2;;5 4;5,4;162,56;2;;140;63,5;63,5
451;R_aa4KiHrDlGygWe5;32;2;NA;1;NA;NA;NA;NA;NA;NA;NA;NA;NA;NA;NA;;2;;2;;5 pieds 4 pouces;5,4;162,56;2;;180;81,6;81,6
452;R_agxjsLM8BtvkrcJ;20;2;NA;1;NA;NA;NA;NA;NA;NA;NA;NA;NA;NA;NA;;5;;1;1,68;;;168;2;;136;61,7;61,7
453;R_Ai0tYqhCNzNoSGZ;22;2;NA;1;NA;NA;NA;NA;NA;NA;NA;NA;NA;NA;NA;;8;Certificat universitaire;2;;5,65;5,65;168,91;2;;132;59,9;59,9
454;R_AodUux5dcJ2C6TT;53;1;1;NA;NA;NA;NA;NA;NA;NA;NA;NA;NA;NA;NA;;3;;1;1m65;;;165;1;100;;;100
455;R_AyNKDbGjItwkUud;12;3;NA;NA;NA;NA;NA;NA;NA;NA;NA;NA;NA;NA;1;personne transmasculine;5;;2;;"5'6""3/4";5,675;169,55;2;;168;76,2;76,2
456;R_AyZtYhlq7e3eKgp;49;2;NA;1;NA;NA;NA;NA;NA;NA;NA;NA;NA;NA;NA;;4;;2;;"5'5""";5,5;165,1;2;;198;89,8;89,8
457;R_b270BWtu8ShFBV7;4;2;NA;1;1;NA;NA;NA;NA;NA;NA;NA;NA;NA;NA;;4;;2;;5,6;5,6;167,64;2;;120;54,4;54,4
458;R_b33LL2WbchGKmY1;56;2;NA;1;NA;NA;NA;NA;NA;NA;NA;NA;NA;NA;NA;;4;;2;;5 pieds 4 pouces;5,4;162,56;2;;162;73,5;73,5
459;R_BLkCWZgsUE54Qed;46;1;1;NA;NA;NA;NA;NA;NA;NA;NA;NA;NA;NA;NA;;4;;2;;5 pieds 6 pouces;5,6;167,64;2;;170;77,1;77,1
460;R_bsc8F1Zi1ZUOe6R;23;1;1;NA;NA;NA;NA;NA;NA;NA;NA;NA;NA;NA;NA;;3;;1;1m77;;;177;2;;240;108,8;108,8
461;R_BycT59xGtXj7HwJ;22;2;NA;1;NA;NA;NA;NA;NA;NA;NA;NA;NA;NA;NA;;7;;2;;5’10;5,10;177,8;2;;165;74,8;74,8
462;R_CePFic4wH3s6ANj;33;1;1;NA;NA;NA;NA;NA;NA;NA;NA;NA;NA;NA;NA;;6;;2;;5'4;5,4;162,56;2;;170;77,1;77,1
463;R_CfE2J56UnkumGT7;44;1;1;NA;NA;NA;NA;NA;NA;NA;NA;NA;NA;NA;NA;;5;;2;;5 11;5,11;180,34;2;;185;83,9;83,9
464;R_cIu2MRuaPqxOGw9;8;2;NA;1;NA;NA;NA;NA;NA;NA;NA;NA;NA;NA;NA;;5;;2;;5 pieds 2;5,2;157,48;2;;138;62,6;62,6
465;R_cMxVKHoTwSilCeZ;26;2;NA;1;NA;NA;NA;NA;NA;NA;NA;NA;NA;NA;NA;;4;;2;;5 pi 4;5,4;162,56;2;;207;93,9;93,9
466;R_curkX8pTiJ1DBDP;13;1;1;NA;NA;NA;NA;NA;NA;NA;NA;NA;NA;NA;NA;;2;;2;;5pi8;5,8;172,72;2;;146;66,2;66,2
467;R_cZy8VY8iw6zPCx3;22;1;1;NA;NA;NA;NA;NA;NA;NA;NA;NA;NA;NA;NA;;3;;2;;5 pieds 10 pouces;5,10;177,8;2;;176;79,8;79,8
468;R_d4h2Vtfja832lcl;27;2;NA;1;NA;NA;NA;NA;NA;NA;NA;NA;NA;NA;NA;;4;;2;;5 1;5,1;154,94;2;;135;61,2;61,2
469;R_D6mF09lK2KwjxQJ;33;2;NA;1;NA;NA;NA;NA;NA;NA;NA;NA;NA;NA;NA;;6;;1;166;;;166;1;55;;;55
470;R_DAjLBJIsrmHhs3v;18;1;1;NA;NA;NA;1;1;NA;NA;NA;NA;NA;NA;NA;;8;Certificat universitaire;1;1.70;;;170;2;;260;117,9;117,9
471;R_DdvrDn7Y3PUAgLf;26;2;NA;1;NA;NA;NA;NA;NA;NA;NA;NA;NA;NA;NA;;5;;1;1m 69cm;;;169;2;;234;106,1;106,1
472;R_DGMPswxdPj6Mvlv;43;2;NA;1;NA;NA;NA;NA;NA;NA;NA;NA;NA;NA;NA;;4;;2;;5’5’’;5,5;165,1;2;;165;74,8;74,8
473;R_DNOTIFuCyvXsuHv;26;2;NA;1;NA;NA;NA;NA;NA;NA;NA;NA;NA;NA;NA;;8;2 certificats universitaires;2;;5’4;5,4;162,56;2;;165;74,8;74,8
474;R_dpwCYbCR7qV7QhH;25;2;NA;1;NA;NA;NA;NA;NA;NA;NA;NA;NA;NA;NA;;4;;2;;5’5;5,5;165,1;2;;178;80,7;80,7
475;R_DUFbRkkKEev1Dnr;27;1;1;NA;NA;NA;NA;NA;NA;NA;NA;NA;NA;NA;NA;;4;;2;;5,7;5,7;170,18;2;;272;123,4;123,4
476;R_eEDR2dLNGo5nCdr;48;1;1;NA;NA;NA;NA;NA;NA;NA;NA;NA;NA;NA;NA;;5;;2;;5 pi 3 po;5,3;160,02;2;;156;70,7;70,7
477;R_esT2jO2YWnyvGoN;49;1;1;NA;NA;NA;NA;NA;NA;NA;NA;NA;NA;NA;NA;;6;;2;;5p 10p;5,10;177,8;2;;230;104,3;104,3
478;R_eVFPCm9eW30XqA9;45;2;NA;1;NA;NA;NA;NA;NA;NA;NA;NA;NA;NA;NA;;7;;2;;5 pi 6;5,6;167,64;2;;123;55,8;55,8
479;R_eXqlxXdeY2DQURH;23;2;NA;1;NA;NA;NA;NA;NA;NA;NA;NA;NA;NA;NA;;5;;2;;5 pieds 3;5,3;160,02;2;;120;54,4;54,4
480;R_eyxqmamUNlj9uLf;18;2;NA;1;NA;NA;NA;NA;NA;NA;NA;NA;NA;NA;NA;;2;;2;;5,3;5,3;160,02;2;;285;129,3;129,3
481;R_NXfb0hAwfuhvQHv;23;2;NA;1;NA;NA;NA;NA;NA;NA;NA;NA;NA;NA;NA;;6;;1;1,7;;;170;2;;150;68;68
482;R_O0tSS0DBakHStah;19;2;NA;1;NA;NA;NA;NA;NA;NA;NA;NA;NA;NA;NA;;8;Y;2;;5 et 5;5,5;165,1;2;;171;77,6;77,6
483;R_Opsa4lYqjQpncFX;42;2;NA;1;NA;NA;NA;NA;NA;NA;NA;NA;NA;NA;NA;;4;;2;;5;5;152,4;2;;141;63,9;63,9
484;R_OqB4GqnSySxarv3;16;1;1;NA;NA;NA;NA;NA;NA;NA;NA;NA;NA;NA;NA;;8;DESS;2;;6 pieds et un pouce;6,1;185,42;2;;191,4;86,8;86,8
485;R_OrhdS9X81XB3dWp;43;1;1;NA;NA;NA;NA;NA;NA;NA;NA;NA;NA;NA;NA;;6;;1;1m83;;;183;1;96;;;96
486;R_Ov34vxnA2MpINB7;27;2;NA;1;NA;NA;NA;NA;NA;NA;NA;NA;NA;NA;NA;;4;;2;;5 pieds et 11 pouces;5,11;180,34;2;;120;54,4;54,4
487;R_OvgL7BKTEKVaapX;48;1;1;NA;NA;NA;NA;NA;NA;NA;NA;NA;NA;NA;NA;;4;;2;;5’10’´;5,10;177,8;2;;250;113,4;113,4
488;R_pcUvIZnDnj6u0h3;37;2;NA;1;NA;NA;NA;NA;NA;NA;NA;NA;NA;NA;NA;;5;;2;;5´3;5,3;160,02;2;;147;66,7;66,7
489;R_pGHgNswlQtoYA1z;42;2;NA;1;NA;NA;NA;NA;NA;NA;NA;NA;NA;NA;NA;;5;;2;;5pi;5;152,4;2;;137;62,1;62,1
490;R_pmadY5Gw2xuVsv7;26;2;NA;1;NA;NA;NA;NA;NA;NA;NA;NA;NA;NA;NA;;4;;1;1m58;;;158;1;100;;;100
491;R_PS2xm1LPELM14w9;34;2;NA;1;NA;NA;NA;NA;NA;NA;NA;NA;NA;NA;NA;;5;;2;;5;5;152,4;2;;145;65,8;65,8
492;R_PSd614qL1PNFhoR;52;1;1;NA;NA;NA;NA;NA;NA;NA;NA;NA;NA;NA;NA;;4;;2;;6;6;182,88;2;;220;99,8;99,8
493;R_Pwd5uxdgn9Emz61;10;1;1;NA;NA;NA;NA;NA;NA;NA;NA;NA;NA;NA;NA;;4;;1;172 cm;;;172;2;;160;72,6;72,6
494;R_pxtdHOkmXC4qLlL;28;2;NA;1;NA;NA;NA;NA;NA;NA;NA;NA;NA;NA;NA;;2;;2;;"5'3""";5,3;160,02;2;;155;70,3;70,3
495;R_Q05O2G4rHNivJHb;32;2;NA;1;NA;NA;NA;NA;NA;NA;NA;NA;NA;NA;NA;;5;;1;1,69;;;169;2;;165;74,8;74,8
496;R_Q6uwkUizEZMaEWR;13;1;1;NA;NA;NA;NA;NA;NA;NA;NA;NA;NA;NA;NA;;5;;1;172;;;172;2;;160;72,6;72,6
497;R_qD9FWmfNLkMPaFP;38;1;1;NA;NA;NA;NA;NA;NA;NA;NA;NA;NA;NA;NA;;4;;2;;5’7;5,7;170,18;2;;180;81,6;81,6
498;R_QmoPzs5O69oL0kN;48;1;1;NA;NA;NA;NA;NA;NA;NA;NA;NA;NA;NA;NA;;8;J'ai complété 2 DEP après la retraite.;2;;"5' 81/2""";5,85;173,99;2;;200;90,7;90,7
499;R_QnoG57mNU445Vmx;26;1;1;NA;NA;NA;NA;NA;NA;NA;NA;NA;NA;NA;NA;;3;;2;;6 pieds 1 pouces;6,1;185,42;2;;315;142,9;142,9
500;R_r1icscfQRZsRH8t;5;2;NA;1;NA;NA;NA;NA;NA;NA;NA;NA;NA;NA;NA;;4;;1;170cm;;;170;2;;127;57,6;57,6
501;R_R5p8Qir7OPq9Zzb;29;2;NA;1;NA;NA;NA;NA;NA;NA;NA;NA;NA;NA;NA;;5;;1;1,72;;;172;2;;115;52,2;52,2
502;R_rexaMsDJTlTwGnD;34;1;1;NA;NA;NA;NA;NA;NA;NA;NA;NA;NA;NA;NA;;4;;1;1,65;;;165;1;70;;;70
503;R_RgJNfNurqMWe6hb;3;2;NA;1;NA;NA;NA;NA;NA;NA;NA;NA;NA;NA;NA;;4;;2;;5'3;5,3;160,02;2;;143;64,9;64,9
504;R_rjyGNTJGc1rSotH;30;1;1;NA;NA;NA;NA;NA;NA;NA;NA;NA;NA;NA;NA;;4;;2;;5,7;5,7;170,18;2;;125;56,7;56,7
505;R_RmNGP6WhYpkUnOp;18;1;1;NA;NA;NA;NA;NA;NA;NA;NA;NA;NA;NA;NA;;4;;2;;6pieds;6;182,88;2;;140;63,5;63,5
506;R_RqM9ZpOvnKl9EOJ;27;2;NA;1;NA;NA;NA;NA;NA;NA;NA;NA;NA;NA;NA;;4;;2;;5,4;5,4;162,56;2;;172;78;78
507;R_RRKOS9cPYXTEdNf;9;3;NA;NA;NA;NA;1;NA;NA;NA;NA;NA;NA;NA;NA;;6;;2;;5'6;5,6;167,64;2;;105;47,6;47,6
508;R_rrxadGqm3fcRY2d;44;2;NA;1;NA;NA;NA;NA;NA;NA;NA;NA;NA;NA;NA;;5;;1;1m68;;;168;1;78;;;78
509;R_RsGbqJVF8dKKwaR;58;2;NA;1;NA;NA;NA;NA;NA;NA;NA;NA;NA;NA;NA;;5;;2;;5 pi 2 po;5,2;157,48;2;;175;79,4;79,4
510;R_RsHzKkJLOvuxkK5;51;1;1;NA;NA;NA;NA;NA;NA;NA;NA;NA;NA;NA;NA;;5;;2;;"5' 9""";5,9;175,26;2;;160;72,6;72,6
511;R_RwcQN2inl0IWfap;24;1;1;NA;NA;NA;NA;NA;NA;NA;NA;NA;NA;NA;NA;;6;;2;;6 pieds 1 pouce;6,1;185,42;2;;162;73,5;73,5
512;R_Rwpm4jdT1e27b5D;30;2;NA;1;NA;NA;NA;NA;NA;NA;NA;NA;NA;NA;NA;;7;;1;170;;;170;2;;240;108,8;108,8
513;R_RxmsQr2n04taPBL;41;2;NA;1;NA;NA;NA;NA;NA;NA;NA;NA;NA;NA;NA;;8;1 bacc, i certificat et un Artist Diploma, je suis en DESS présentement.;1;170;;;170;1;129;;;129
514;R_s5NhhhUB1rS8wH7;34;2;NA;1;NA;NA;NA;NA;NA;NA;NA;NA;NA;NA;NA;;5;;2;;5,2;5,2;157,48;2;;170;77,1;77,1
515;R_sGo69nss7LYoSUF;39;2;NA;1;NA;NA;NA;NA;NA;NA;NA;NA;NA;NA;NA;;5;;2;;5’2 ‘;5,2;157,48;2;;94;42,6;42,6
516;R_SK6D1fqlSVTJSE1;16;2;NA;1;NA;NA;NA;NA;NA;NA;NA;NA;NA;NA;NA;;5;;1;104;;;104;2;;186;84,4;84,4
517;R_snzBJh3PwUncwP7;44;1;1;NA;NA;NA;NA;NA;NA;NA;NA;NA;NA;NA;NA;;6;;1;1,7;;;170;2;;155;70,3;70,3
518;R_stIiHUFChAqaxR7;12;2;NA;1;NA;NA;NA;NA;NA;NA;NA;NA;NA;NA;NA;;5;;2;;5.3;5,3;160,02;2;;125;56,7;56,7
519;R_sY91BcFBgGgUWVX;33;2;NA;1;NA;NA;NA;NA;NA;NA;NA;NA;NA;NA;NA;;4;;2;;5'4'';5,4;162,56;2;;160;72,6;72,6
520;R_sYgmmKTeyBq7jsl;26;2;NA;1;NA;NA;NA;NA;NA;NA;NA;NA;NA;NA;NA;;5;;1;164 cm;;;164;1;76;;;76
521;R_T881HzKhieBNrVL;17;1;1;NA;NA;NA;NA;NA;NA;NA;NA;NA;NA;NA;NA;;6;;1;1,70m;;;170;2;;180;81,6;81,6
522;R_tFG7lDLUXXdTB5L;25;2;NA;1;NA;NA;NA;NA;NA;NA;NA;NA;NA;NA;NA;;5;;2;;5’3”;5,3;160,02;2;;135;61,2;61,2
523;R_tGNJkxBKUhAdGFz;30;2;NA;1;NA;NA;NA;NA;NA;NA;NA;NA;NA;NA;NA;;3;;2;;5 pieds et 5 pouces;5,5;165,1;2;;130;59;59
524;R_TkdJwm4yOIXKmAx;9;2;NA;1;NA;NA;NA;NA;NA;NA;NA;NA;NA;NA;NA;;6;;1;153 cm;;;153;2;;100;45,4;45,4
525;R_TsUeFAwbSJnSQmJ;14;1;1;NA;NA;NA;NA;NA;NA;NA;NA;NA;NA;NA;NA;;4;;1;175;;;175;2;;220;99,8;99,8
526;R_TuNKD9eGPvMK3Rv;38;2;NA;1;NA;NA;NA;NA;NA;NA;NA;NA;NA;NA;NA;;5;;1;1,64;;;164;1;92;;;92
527;R_u8F6DsztFxP1GoN;46;1;1;NA;NA;NA;NA;NA;NA;NA;NA;NA;NA;NA;NA;;6;;1;160 cm;;;160;2;;142;64,4;64,4
528;R_ugF9Of4qNawUvvP;50;2;NA;1;NA;NA;NA;NA;NA;NA;NA;NA;NA;NA;NA;;3;;2;;5,4;5,4;162,56;2;;160;72,6;72,6
529;R_Um3RbsoLNbuyUP7;40;2;NA;1;NA;NA;NA;NA;NA;NA;NA;NA;NA;NA;NA;;4;;2;;5’5;5,5;165,1;2;;185;83,9;83,9
530;R_uqUpkg7kXWFGiid;50;2;NA;1;NA;NA;NA;NA;NA;NA;NA;NA;NA;NA;NA;;8;Certificat universitaire;1;1.63;;;163;1;84;;;84
531;R_Ut1z9rkPgdxCwOl;37;2;NA;1;NA;NA;NA;NA;NA;NA;NA;NA;NA;NA;NA;;4;;2;;5 pieds 2 pouces;5,2;157,48;2;;122;55,3;55,3
532;R_ut9CzaPcM4psYSZ;23;2;NA;1;NA;NA;NA;NA;NA;NA;NA;NA;NA;NA;NA;;7;;2;;5’7;5,7;170,18;2;;138;62,6;62,6
533;R_UuczciEd816FenL;36;2;NA;1;NA;NA;NA;NA;NA;NA;NA;NA;NA;NA;NA;;5;;1;1,63;;;163;2;;140;63,5;63,5
534;R_uvTCKlfC71DUNXj;49;2;NA;1;NA;NA;NA;NA;NA;NA;NA;NA;NA;NA;NA;;5;;2;;5pieds 5 pouces;5,5;165,1;2;;128;58;58
535;R_UX7q0pbnMMrzNDz;26;2;NA;1;NA;NA;NA;NA;NA;NA;NA;NA;NA;NA;NA;;3;;2;;5 pieds 3 pouces;5,3;160,02;2;;180;81,6;81,6
536;R_uyrwqLTkruwJzq1;27;2;NA;1;NA;NA;NA;NA;NA;NA;NA;NA;NA;NA;NA;;4;;2;;5’6’’;5,6;167,64;2;;200;90,7;90,7
537;R_V2SWYURdiWjDR7P;27;1;1;NA;NA;NA;NA;NA;NA;NA;NA;NA;NA;NA;NA;;2;;1;1,85;;;185;2;;330;149,7;149,7
538;R_vBjDWVlwjrLWnPX;5;2;NA;1;NA;NA;NA;NA;NA;NA;NA;NA;NA;NA;NA;;4;;2;;5 pieds 8 pouces;5,8;172,72;2;;155;70,3;70,3
539;R_vDCUcwPyZk0ly7v;47;1;1;NA;NA;NA;NA;NA;NA;NA;NA;NA;NA;NA;NA;;4;;2;;5 pieds 7 pouces;5,7;170,18;2;;160;72,6;72,6
540;R_vrfamsTG51EFXpv;22;2;NA;1;NA;NA;NA;NA;NA;NA;NA;NA;NA;NA;NA;;6;;1;1,65;;;165;2;;140;63,5;63,5
541;R_vSGLl8G03vhqxEt;24;2;NA;1;NA;NA;NA;NA;NA;NA;NA;NA;NA;NA;NA;;5;;2;;5 pieds 4 pouces;5,4;162,56;2;;105;47,6;47,6
542;R_vuAzGV7un2CB4Yx;12;1;1;NA;NA;NA;NA;NA;NA;NA;NA;NA;NA;NA;NA;;5;;2;;6;6;182,88;2;;136;61,7;61,7
543;R_VWJDUzznAvHC2Gt;37;1;1;NA;NA;NA;NA;NA;NA;NA;NA;NA;NA;NA;NA;;5;;2;;5.11;5,11;180,34;2;;225;102;102
544;R_vxektxUNT7XBuBr;20;2;NA;1;NA;NA;NA;NA;NA;NA;NA;NA;NA;NA;NA;;6;;1;169 cm;;;169;2;;130;59;59
545;R_vZiNYDrF1wy07mx;24;2;NA;1;NA;NA;NA;NA;NA;NA;NA;NA;NA;NA;NA;;5;;1;1.64;;;164;2;;145;65,8;65,8
546;R_W0E0dpQthBlo4rD;11;2;NA;1;NA;NA;NA;NA;NA;NA;NA;NA;NA;NA;NA;;5;;2;;5pi7;5,7;170,18;2;;175;79,4;79,4
547;R_w14VG0OOuHd0OYN;42;2;NA;1;NA;NA;NA;NA;NA;NA;NA;NA;NA;NA;NA;;5;;2;;5 pi et 6 po;5,6;167,64;2;;156;70,7;70,7
548;R_Wcym3iGwPDQCitP;44;2;NA;1;NA;NA;NA;NA;NA;NA;NA;NA;NA;NA;NA;;5;;2;;61;6,1;185,42;2;;212;96,1;96,1
549;R_WDTARKqsNgaaIOl;29;1;1;NA;NA;NA;NA;NA;NA;NA;NA;NA;NA;NA;NA;;7;;1;1.89 cm;;;189;1;110;;;110
550;R_WlEfEBT1rQYxFKN;8;2;NA;1;NA;NA;NA;NA;NA;NA;NA;NA;NA;NA;NA;;4;;2;;"5'6""";5,6;167,64;2;;Environ 160lbs (pas de balance chez moi);72,6;72,6
551;R_wYqUcWcINH1bClH;19;2;NA;1;NA;NA;NA;NA;NA;NA;NA;NA;NA;NA;NA;;3;;2;;"5'3""";5,3;160,02;2;;124;56,2;56,2
552;R_wZQs8U2KGRunlBv;19;2;NA;1;NA;NA;NA;NA;NA;NA;NA;NA;NA;NA;NA;;6;;2;;"5'8""";5,8;172,72;2;;180;81,6;81,6
553;R_x9m6ft2u4Z96lqh;15;1;1;NA;NA;NA;NA;NA;NA;NA;NA;NA;NA;NA;NA;;2;;2;;5p9;5,9;175,26;2;;290;131,5;131,5
554;R_xbgWt7bTtGh4MCd;34;2;NA;1;NA;NA;NA;NA;NA;NA;NA;NA;NA;NA;NA;;5;;2;;5,3;5,3;160,02;2;;160;72,6;72,6
555;R_xEgp10GIhpmgMvL;49;2;NA;1;NA;NA;NA;NA;NA;NA;NA;NA;NA;NA;NA;;2;;1;1,64;;;164;2;;170;77,1;77,1
556;R_XGOEMk3jZADzGxP;41;2;NA;1;NA;NA;NA;NA;NA;NA;NA;NA;NA;NA;NA;;4;;2;;5'3;5,3;160,02;2;;155;70,3;70,3
557;R_XIoZXayAg8O6fhD;45;1;1;NA;NA;NA;NA;NA;NA;NA;NA;NA;NA;NA;NA;;5;;1;1 et 88;;;188;1;77;;;77
558;R_XiVXzP44K2N05gJ;40;2;NA;1;NA;NA;NA;NA;NA;NA;NA;NA;NA;NA;NA;;3;;2;;5 pieds 4 pouces;5,4;162,56;2;;145;65,8;65,8
559;R_XmNJJkqVoK7xrod;30;2;NA;1;NA;NA;NA;NA;NA;NA;NA;NA;NA;NA;NA;;5;;2;;5.4;5,4;162,56;2;;150;68;68
560;R_xrobvEprOEQDKQp;35;1;1;NA;NA;NA;NA;NA;NA;NA;NA;NA;NA;NA;NA;;5;;2;;5,8;5,8;172,72;2;;218;98,9;98,9
561;R_XZemFeyEhNvXR1D;10;2;NA;1;NA;NA;NA;NA;NA;NA;NA;NA;NA;NA;NA;;8;Secondaire presque complété;2;;5pi2;5,2;157,48;2;;96;43,5;43,5
562;R_Y34aSUyBz65dxv3;19;2;NA;1;NA;NA;NA;NA;NA;NA;NA;NA;NA;NA;NA;;5;;2;;5pieds 5 pouces;5,5;165,1;2;;250;113,4;113,4
563;R_Y3JVMSzXEQLMAa5;52;2;NA;1;NA;NA;NA;NA;NA;NA;NA;NA;NA;NA;NA;;8;Certificat uqam;2;;5;5;152,4;2;;190;86,2;86,2
564;R_Y5hm4yb8zHf0Dzb;34;2;NA;1;NA;NA;NA;NA;NA;NA;NA;NA;NA;NA;NA;;5;;2;;5 pieds 4 pouces;5,4;162,56;2;;190;86,2;86,2
565;R_ylRGs59MD7lUGKR;32;2;NA;1;NA;NA;NA;NA;NA;NA;NA;NA;NA;NA;NA;;4;;2;;5 pieds 3;5,3;160,02;2;;180;81,6;81,6
566;R_YRMlGWQueGoWANj;6;2;NA;1;NA;NA;NA;NA;NA;NA;NA;NA;NA;NA;NA;;6;;2;;5 pieds 5;5,5;165,1;2;;132;59,9;59,9
567;R_yrUq5gXa8gRLQ3f;17;2;NA;1;NA;NA;NA;NA;NA;NA;NA;NA;NA;NA;NA;;4;;2;;5p 3po;5,3;160,02;2;;200;90,7;90,7
568;R_ysQPYglNuPSEga5;36;1;1;NA;NA;NA;NA;NA;NA;NA;NA;NA;NA;NA;NA;;4;;2;;5.9;5,9;175,26;2;;185;83,9;83,9
569;R_YVL7JaWwVXaBcop;23;2;NA;1;NA;NA;NA;NA;NA;NA;NA;NA;NA;NA;NA;;5;;2;;5,7;5,7;170,18;2;;180;81,6;81,6
570;R_yxBHpOiNKXBOJKV;22;2;NA;1;NA;NA;NA;NA;NA;NA;NA;NA;NA;NA;NA;;6;;2;;5 pieds 6;5,6;167,64;2;;180;81,6;81,6
571;R_z8ceLtzEGkTgT2F;33;1;1;NA;NA;NA;NA;NA;NA;NA;NA;NA;NA;NA;NA;;6;;1;185 cm;;;185;2;;172;78;78
572;R_z8oTTZqqlSd7VHb;48;2;NA;1;NA;NA;NA;NA;NA;NA;NA;NA;NA;NA;NA;;5;;2;;5 pieds et 9 pouces;5,9;175,26;2;;160;72,6;72,6
573;R_zcWlFDkHtOEEfTz;25;2;NA;1;NA;NA;NA;NA;NA;NA;NA;NA;NA;NA;NA;;2;;2;;"5'2""";5,2;157,48;2;;120;54,4;54,4
574;R_ZdHFpe7u40h5Goh;47;1;1;NA;NA;NA;NA;NA;NA;NA;NA;NA;NA;NA;NA;;4;;2;;5'4'';5,4;162,56;2;;135;61,2;61,2
575;R_ZEvbuzagoyGp1MR;20;2;NA;1;NA;NA;NA;NA;NA;NA;NA;NA;NA;NA;NA;;3;;2;;5,6;5,6;167,64;2;;200;90,7;90,7
576;R_ZJ0Du9LqYGk8HRL;40;2;NA;1;NA;NA;NA;NA;NA;NA;NA;NA;NA;NA;NA;;6;;2;;5pieds  6 pouces;5,6;167,64;2;;185;83,9;83,9
577;R_ZmGZGsZZkdNZi4F;36;2;NA;1;NA;NA;NA;NA;NA;NA;NA;NA;NA;NA;NA;;5;;1;1,68;;;168;1;106;;;106
578;R_ZsG93rgsP6zYIH7;49;2;NA;1;NA;NA;NA;NA;NA;NA;NA;NA;NA;NA;NA;;5;;2;;5 pieds 1 pouce;5,1;154,94;2;;104;47,2;47,2
